,CHAP NO,CHAR NAM,CHAR POS
0,1,Onos,9
1,1,Dovim,18
2,1,Trey,40
3,1,Patru,42
4,1,bright,43
5,1,light,60
6,1,Kelaritan,64
7,1,Jonglor,69
8,1,Sheerin,87
9,1,Saro,90
10,1,Jonglor,96
11,1,Kelaritan,102
12,1,Sheerin,113
13,1,day,124
14,1,Jonglor,161
15,1,Kelaritan,182
16,1,Sheerin,200
17,1,Kelaritan,230
18,1,Sheerin,235
19,1,Sheerin,265
20,1,Kelaritan,306
21,1,dark,307
22,1,Cubello,315
23,1,Jonglor,324
24,1,Sheerin,334
25,1,Kelaritan,375
26,1,Sheerin,377
27,1,Kelaritan,382
28,1,Sheerin,403
29,1,Sheerin,482
30,1,Cubello,484
31,1,Kelaritan,493
32,1,Sheerin,516
33,1,Sheerin,530
34,1,Kelaritan,560
35,1,Cubello,561
36,1,Kelaritan,568
37,1,Cubello,578
38,1,Sheerin,580
39,1,Sheerin,582
40,1,Cubello,584
41,1,Sheerin,630
42,1,Cubello,656
43,1,Kelaritan,700
44,1,Kelaritan,737
45,1,Kelaritan,777
46,1,Cubello,811
47,1,Kelaritan,856
48,1,Jonglor,897
49,1,light,899
50,1,day,902
51,1,sun,904
52,1,suns,904
53,1,Onos,950
54,1,Dovim,958
55,1,Patru,959
56,1,Trey,961
57,1,day,971
58,1,Kelaritan,974
59,1,Sheerin,980
60,1,sun,1004
61,1,suns,1004
62,1,light,1020
63,1,sun,1032
64,1,suns,1032
65,2,Sheerin,7
66,2,Saro,9
67,2,Siferra,28
68,2,Beklimot,52
69,2,light,85
70,2,Tano,92
71,2,Sitha,94
72,2,day,116
73,2,Dovim,128
74,2,sun,157
75,2,Siferra,165
76,2,light,171
77,2,Onos,173
78,2,sun,204
79,2,Beklimot,212
80,2,Beklimot,283
81,2,Siferra,300
82,2,Beklimot,356
83,2,Siferra,368
84,2,Beklimot,450
85,2,Siferra,482
86,2,Siferra,666
87,2,Siferra,746
88,2,Balik,754
89,2,light,763
90,2,Tano,765
91,2,Sitha,767
92,2,Balik,791
93,2,Balik,904
94,2,Siferra,954
95,2,Siferra,1071
96,2,black,1180
97,2,Siferra,1231
98,2,Balik,1232
99,2,Balik,1308
100,2,Siferra,1311
101,2,Siferra,1381
102,2,Siferra,1461
103,2,Siferra,1489
104,2,Beklimot,1550
105,2,Balik,1599
106,2,Siferra,1621
107,2,flame,1690
108,2,Siferra,1769
109,2,Beklimot,1864
110,2,Beklimot,1909
111,2,Siferra,1930
112,2,Beklimot,1947
113,2,day,1970
114,2,day,1996
115,2,sanctuary,2052
116,2,Beklimot,2062
117,2,black,2121
118,2,Siferra,2127
119,2,Beklimot,2164
120,2,Siferra,2194
121,2,Saro,2197
122,2,Balik,2203
123,2,Siferra,2236
124,2,Balik,2237
125,2,Siferra,2254
126,2,sun,2302
127,2,suns,2302
128,2,Tano,2303
129,2,Sitha,2305
130,2,light,2314
131,2,Siferra,2410
132,2,dark,2429
133,2,Balik,2469
134,2,Siferra,2514
135,2,Siferra,2556
136,2,Balik,2562
137,2,Beklimot,2673
138,2,Siferra,2765
139,2,Balik,2767
140,2,Balik,2788
141,2,Siferra,2798
142,2,Balik,2808
143,2,Siferra,2831
144,2,Balik,2836
145,2,Siferra,2868
146,2,Siferra,2926
147,3,Sheerin,32
148,3,Kelaritan,68
149,3,Cubello,70
150,3,Sheerin,92
151,3,Kelaritan,122
152,3,Jonglor,128
153,3,day,137
154,3,Sheerin,183
155,3,light,214
156,3,Kelaritan,233
157,3,Cubello,243
158,3,Sheerin,259
159,3,Kelaritan,265
160,3,Sheerin,273
161,3,Saro,276
162,3,Sheerin,301
163,3,Sheerin,440
164,3,Kelaritan,444
165,3,Cubello,450
166,3,Cubello,476
167,3,Kelaritan,481
168,3,Sheerin,493
169,3,Cubello,513
170,3,dark,517
171,3,Sheerin,530
172,3,Kelaritan,534
173,3,Jonglor,601
174,3,Sheerin,603
175,3,Sheerin,622
176,3,Sheerin,648
177,3,day,656
178,3,Kelaritan,764
179,3,Sheerin,772
180,3,Sheerin,781
181,3,Sheerin,815
182,3,Sheerin,892
183,3,sun,956
184,3,suns,956
185,3,Kelaritan,1016
186,3,Sheerin,1068
187,3,day,1100
188,3,dark,1183
189,3,highway,1481
190,3,Sheerin,1495
191,3,black,1558
192,3,Sheerin,1661
193,3,black,1683
194,3,sun,1721
195,3,suns,1721
196,3,Kelaritan,1732
197,3,Kelaritan,1787
198,3,Sheerin,1814
199,3,Sheerin,1929
200,3,darkness,1943
201,3,Sheerin,2043
202,3,bright,2095
203,3,light,2096
204,3,sun,2107
205,3,suns,2107
206,3,dark,2120
207,3,Sheerin,2126
208,3,dark,2130
209,3,Kelaritan,2143
210,3,Sheerin,2156
211,3,Sheerin,2188
212,3,Kelaritan,2200
213,3,Sheerin,2270
214,4,Saro,6
215,4,light,23
216,4,Dovim,32
217,4,Onos,40
218,4,Trey,48
219,4,Patru,50
220,4,Beenay,69
221,4,Saro,94
222,4,Raissta,102
223,4,Raissta,110
224,4,Onos,143
225,4,sun,223
226,4,suns,223
227,4,bright,246
228,4,Beenay,274
229,4,Raissta,320
230,4,Raissta,347
231,4,Yimot,366
232,4,Faro,368
233,4,Beenay,433
234,4,Beenay,475
235,4,Faro,481
236,4,Yimot,483
237,4,Raissta,543
238,4,Beenay,578
239,4,Raissta,592
240,4,Faro,642
241,4,Yimot,644
242,4,Faro,767
243,4,Yimot,769
244,4,Faro,796
245,4,Yimot,798
246,4,Beenay,830
247,4,Onos,887
248,4,Beenay,948
249,4,Faro,1162
250,4,Yimot,1164
251,4,bright,1184
252,4,Beenay,1247
253,4,Beenay,1287
254,4,Yimot,1297
255,4,Faro,1299
256,4,Beenay,1319
257,4,Raissta,1339
258,5,Siferra,1
259,5,Balik,43
260,5,Siferra,89
261,5,Balik,92
262,5,Siferra,315
263,5,fire,397
264,5,Siferra,414
265,5,Balik,416
266,5,Balik,525
267,5,dark,538
268,5,fire,561
269,5,Balik,585
270,5,Siferra,659
271,5,Siferra,715
272,5,Balik,727
273,5,Balik,824
274,5,Beklimot,949
275,6,Kelaritan,1
276,6,Sheerin,15
277,6,Sheerin,36
278,6,Sheerin,113
279,6,Kelaritan,180
280,6,Saro,224
281,6,Sheerin,249
282,6,dark,339
283,6,Sheerin,390
284,6,Sheerin,409
285,6,Onos,418
286,6,Sheerin,455
287,6,Jonglor,487
288,6,darkness,539
289,6,Jonglor,610
290,6,Sheerin,659
291,6,Sheerin,732
292,6,Sheerin,763
293,6,Kelaritan,786
294,6,Cubello,790
295,6,Sheerin,813
296,6,day,831
297,6,Kelaritan,845
298,6,Cubello,880
299,6,Sheerin,895
300,6,Kelaritan,917
301,6,Cubello,981
302,6,Sheerin,1030
303,6,Kelaritan,1078
304,6,Sheerin,1106
305,6,day,1119
306,6,day,1129
307,6,Cubello,1157
308,6,light,1216
309,6,Cubello,1388
310,6,Sheerin,1469
311,6,Jonglor,1494
312,6,Cubello,1538
313,6,Sheerin,1630
314,6,Cubello,1676
315,6,Sheerin,1691
316,6,Kelaritan,1698
317,6,Sheerin,1719
318,6,Sheerin,1737
319,6,Sheerin,1745
320,6,Saro,1814
321,6,Jonglor,1822
322,6,Sheerin,1851
323,6,Sheerin,1910
324,6,Jonglor,1916
325,6,Jonglor,1966
326,6,Kelaritan,2051
327,6,Cubello,2070
328,6,Kelaritan,2071
329,6,Sheerin,2082
330,6,Sheerin,2121
331,6,Sheerin,2219
332,6,Cubello,2265
333,6,Sheerin,2276
334,6,Sheerin,2306
335,6,light,2382
336,6,Sheerin,2406
337,6,Kelaritan,2476
338,6,Cubello,2478
339,6,Kelaritan,2551
340,6,light,2662
341,6,light,2671
342,6,Sheerin,2679
343,6,light,2688
344,6,darkness,2701
345,6,darkness,2720
346,6,light,2727
347,6,light,2729
348,6,suns,2733
349,6,sun,2744
350,6,suns,2744
351,6,light,2766
352,6,Sheerin,2787
353,6,light,2799
354,6,sun,2912
355,6,suns,2912
356,6,dark,2983
357,6,light,3033
358,6,light,3063
359,6,darkness,3102
360,6,night,3143
361,6,night,3146
362,6,black,3150
363,6,sun,3188
364,6,suns,3188
365,6,Sheerin,3225
366,6,Cubello,3422
367,6,Kelaritan,3423
368,6,Sheerin,3436
369,6,Sheerin,3504
370,6,Kelaritan,3541
371,6,Sheerin,3546
372,6,Sheerin,3559
373,6,Kelaritan,3649
374,6,Sheerin,3656
375,6,dark,3699
376,6,Kelaritan,3720
377,6,Sheerin,3824
378,6,Cubello,3944
379,6,sun,3998
380,6,Cubello,4010
381,7,Beenay,14
382,7,Beenay,55
383,7,Theremon,74
384,7,Saro,78
385,7,Theremon,90
386,7,Beenay,128
387,7,Theremon,157
388,7,Theremon,183
389,7,Theremon,190
390,7,Beenay,204
391,7,Theremon,221
392,7,Beenay,243
393,7,Mondior,263
394,7,Theremon,335
395,7,Beenay,347
396,7,Mondior,350
397,7,Theremon,402
398,7,Beenay,426
399,7,Raissta,446
400,7,Theremon,503
401,7,Beenay,517
402,7,Beenay,537
403,7,Beenay,591
404,7,Theremon,630
405,7,Theremon,676
406,7,Beenay,709
407,7,Theremon,728
408,7,Beenay,738
409,7,sanctuary,837
410,7,Beenay,839
411,7,black,964
412,7,Beenay,1013
413,7,Athor,1041
414,7,Beenay,1057
415,7,Beenay,1070
416,7,Athor,1152
417,7,Beenay,1155
418,7,Beenay,1185
419,7,Faro,1192
420,7,Yimot,1194
421,7,Beenay,1215
422,7,Faro,1255
423,7,Yimot,1278
424,7,Yimot,1314
425,7,Beenay,1347
426,7,Yimot,1361
427,7,Beenay,1371
428,7,Faro,1372
429,7,Beenay,1379
430,7,Yimot,1397
431,7,Faro,1414
432,7,Beenay,1426
433,7,Beenay,1438
434,7,Yimot,1440
435,7,Yimot,1496
436,7,Faro,1498
437,7,Faro,1509
438,7,Beenay,1526
439,7,Yimot,1658
440,7,Beenay,1662
441,7,Athor,1693
442,7,Athor,1705
443,7,sun,1727
444,7,suns,1727
445,7,Beenay,1735
446,7,Onos,1749
447,7,sun,1752
448,7,Onos,1793
449,7,Beenay,1904
450,7,Onos,1945
451,7,Beenay,1952
452,7,Athor,1981
453,7,Athor,1993
454,7,Athor,2022
455,7,Athor,2061
456,7,Yimot,2089
457,7,Faro,2091
458,7,Beenay,2162
459,7,Faro,2198
460,7,Yimot,2200
461,7,Beenay,2216
462,7,Beenay,2271
463,7,Yimot,2300
464,7,bright,2310
465,7,Faro,2324
466,7,Beenay,2344
467,7,Faro,2398
468,7,Beenay,2406
469,7,Beenay,2546
470,7,Saro,2638
471,7,Theremon,2645
472,7,Theremon,2661
473,7,Theremon,2666
474,7,Beenay,2677
475,7,Beenay,2692
476,7,Beenay,2798
477,7,Raissta,2812
478,7,Theremon,2829
479,7,Beenay,2834
480,7,Theremon,2866
481,7,Theremon,2880
482,7,Beenay,2890
483,7,Theremon,2893
484,7,Beenay,2906
485,7,Beenay,2912
486,7,Theremon,2922
487,7,fire,2944
488,7,Athor,2958
489,7,Athor,2976
490,7,Beenay,3026
491,7,Raissta,3035
492,7,Beenay,3043
493,8,Theremon,1
494,8,Beenay,24
495,8,Theremon,55
496,8,Beenay,90
497,8,Theremon,105
498,8,Tano,112
499,8,Theremon,114
500,8,Tano,124
501,8,Sitha,125
502,8,light,129
503,8,Theremon,139
504,8,light,163
505,8,Onos,168
506,8,Trey,178
507,8,Patru,180
508,8,Theremon,204
509,8,sun,207
510,8,suns,207
511,8,Onos,225
512,8,Onos,233
513,8,day,241
514,8,Dovim,251
515,8,Tano,252
516,8,Sitha,254
517,8,day,260
518,8,Tano,271
519,8,Sitha,273
520,8,Onos,275
521,8,day,311
522,8,Onos,321
523,8,Dovim,323
524,8,sun,357
525,8,suns,357
526,8,Theremon,364
527,8,sun,377
528,8,day,386
529,8,Theremon,387
530,8,Tano,434
531,8,Theremon,479
532,8,day,501
533,8,Tano,511
534,8,Onos,519
535,8,Theremon,528
536,8,Beenay,535
537,8,Tano,547
538,8,Theremon,557
539,8,Beenay,566
540,8,Beenay,585
541,8,Theremon,602
542,8,Beenay,609
543,8,Theremon,648
544,8,Beenay,672
545,8,Theremon,720
546,8,Beenay,776
547,8,Beenay,791
548,8,Beenay,795
549,8,Beenay,854
550,8,Beenay,890
551,8,Onos,1048
552,8,sun,1072
553,8,suns,1072
554,8,Theremon,1121
555,8,Beenay,1136
556,8,Athor,1160
557,8,suns,1188
558,8,Theremon,1215
559,8,Beenay,1231
560,8,Trey,1259
561,8,Patru,1261
562,8,Theremon,1265
563,8,Beenay,1267
564,8,Beenay,1280
565,8,Onos,1317
566,8,Theremon,1393
567,8,Onos,1434
568,8,sun,1447
569,8,suns,1447
570,8,Athor,1476
571,8,Athor,1485
572,8,Theremon,1493
573,8,Theremon,1500
574,8,Saro,1518
575,8,Theremon,1555
576,8,Beenay,1596
577,8,Beenay,1655
578,8,Theremon,1670
579,8,Theremon,1728
580,8,Theremon,1751
581,8,Beenay,1777
582,8,Theremon,1787
583,8,Beenay,1796
584,8,Athor,1824
585,8,Athor,1829
586,8,Beenay,1836
587,8,Theremon,1838
588,8,Theremon,1904
589,8,Theremon,1950
590,8,Beenay,1959
591,8,Theremon,2008
592,8,Athor,2052
593,8,Theremon,2097
594,8,Beenay,2116
595,8,Athor,2118
596,8,Athor,2144
597,8,Beenay,2224
598,8,Beenay,2226
599,8,Athor,2313
600,8,Athor,2330
601,8,Athor,2345
602,8,Athor,2370
603,8,Beenay,2394
604,8,Beenay,2411
605,8,Theremon,2420
606,8,Athor,2433
607,8,Athor,2453
608,8,Theremon,2463
609,8,Beenay,2539
610,8,sun,2574
611,8,sun,2622
612,8,suns,2622
613,8,Theremon,2666
614,8,Athor,2728
615,8,Beenay,2811
616,8,Mondior,2851
617,8,Theremon,2854
618,8,day,2887
619,8,Beenay,2896
620,8,flame,3028
621,8,Beenay,3046
622,8,Mondior,3055
623,8,suns,3066
624,8,fire,3109
625,8,Mondior,3116
626,8,Mondior,3202
627,8,sun,3221
628,8,suns,3221
629,8,flame,3233
630,8,black,3238
631,8,Beenay,3255
632,8,day,3280
633,8,Mondior,3302
634,8,Theremon,3345
635,8,sun,3357
636,8,suns,3357
637,8,Beenay,3361
638,8,Theremon,3366
639,8,Beenay,3408
640,8,sun,3476
641,8,suns,3476
642,8,Theremon,3516
643,8,Beenay,3542
644,8,Beenay,3543
645,9,Athor,1
646,9,Beenay,47
647,9,Yimot,75
648,9,Faro,77
649,9,Beenay,89
650,9,Athor,103
651,9,Onos,111
652,9,Dovim,131
653,9,light,141
654,9,Athor,147
655,9,Beenay,175
656,9,Athor,197
657,9,Beenay,230
658,9,Beenay,237
659,9,Athor,240
660,9,Athor,249
661,9,Athor,387
662,9,Athor,390
663,9,Beenay,432
664,9,Beenay,541
665,9,Athor,542
666,9,Beenay,653
667,9,Beenay,676
668,9,Beenay,753
669,9,Athor,850
670,9,Beenay,896
671,9,Beenay,917
672,9,Beenay,943
673,9,Faro,970
674,9,Yimot,972
675,9,Beenay,1000
676,9,Athor,1009
677,9,Onos,1112
678,9,Beenay,1188
679,9,Athor,1195
680,9,Athor,1258
681,9,Beenay,1264
682,9,Beenay,1294
683,9,Theremon,1338
684,9,Beenay,1379
685,9,Theremon,1404
686,9,Theremon,1542
687,9,Athor,1563
688,9,Beenay,1582
689,9,Beenay,1704
690,9,Beenay,1875
691,9,Beenay,1880
692,9,Athor,1935
693,10,Saro,33
694,10,Theremon,38
695,10,Mondior,154
696,10,Theremon,229
697,10,Saro,242
698,10,Theremon,361
699,10,sun,390
700,10,suns,390
701,10,Onos,416
702,10,Dovim,424
703,10,light,438
704,10,Patru,440
705,10,Trey,442
706,10,sun,468
707,10,suns,468
708,10,light,469
709,10,Theremon,475
710,10,Theremon,494
711,10,Theremon,511
712,10,light,555
713,10,Mondior,658
714,10,Theremon,667
715,10,light,673
716,10,Mondior,683
717,10,dark,684
718,10,Theremon,715
719,10,Mondior,745
720,10,Mondior,764
721,10,Theremon,781
722,10,black,867
723,10,Mondior,883
724,10,Mondior,885
725,10,black,921
726,10,dark,943
727,10,Theremon,1019
728,10,Mondior,1114
729,10,day,1118
730,10,Folimun,1137
731,10,light,1145
732,10,Mondior,1151
733,10,Theremon,1157
734,10,Mondior,1197
735,10,Theremon,1199
736,10,Folimun,1201
737,10,Mondior,1237
738,10,Mondior,1247
739,10,Mondior,1264
740,10,Mondior,1297
741,10,Folimun,1326
742,10,Mondior,1340
743,10,day,1361
744,10,Mondior,1373
745,10,Folimun,1408
746,10,Mondior,1464
747,10,Theremon,1537
748,10,Theremon,1541
749,10,Folimun,1648
750,10,Theremon,1666
751,10,day,1702
752,10,sun,1726
753,10,suns,1726
754,10,sun,1791
755,10,suns,1791
756,10,Theremon,1801
757,10,Folimun,1841
758,10,Theremon,1863
759,10,Folimun,1870
760,10,Mondior,1887
761,10,flame,1974
762,10,Theremon,1998
763,10,Theremon,2161
764,10,Folimun,2165
765,10,Folimun,2240
766,10,Theremon,2270
767,10,Folimun,2377
768,10,Folimun,2415
769,10,Theremon,2625
770,10,Folimun,2672
771,10,Mondior,2699
772,10,Folimun,2782
773,10,Theremon,2998
774,10,day,3095
775,10,Folimun,3105
776,10,Theremon,3112
777,10,day,3141
778,10,Theremon,3245
779,10,black,3254
780,10,Folimun,3265
781,10,day,3278
782,10,day,3280
783,10,Folimun,3288
784,10,Theremon,3305
785,10,Mondior,3364
786,10,Folimun,3366
787,10,Folimun,3413
788,10,Folimun,3427
789,10,Theremon,3468
790,10,Theremon,3507
791,10,Theremon,3567
792,10,Folimun,3647
793,10,Theremon,3688
794,10,Folimun,3713
795,10,Folimun,3718
796,10,Theremon,3730
797,10,Folimun,3742
798,10,Theremon,3767
799,11,Sheerin,11
800,11,Saro,15
801,11,sun,55
802,11,suns,55
803,11,Onos,74
804,11,light,82
805,11,Tano,84
806,11,Sitha,86
807,11,day,100
808,11,dark,103
809,11,dark,105
810,11,Sheerin,107
811,11,Kelaritan,146
812,11,Cubello,148
813,11,day,171
814,11,Sheerin,173
815,11,Jonglor,193
816,11,Sheerin,336
817,11,black,354
818,11,Sheerin,463
819,11,light,484
820,11,Saro,518
821,11,Sheerin,591
822,11,day,639
823,11,Onos,682
824,11,Jonglor,703
825,11,Sheerin,866
826,11,sun,888
827,11,suns,888
828,11,day,893
829,11,Sheerin,919
830,11,Jonglor,1258
831,11,highway,1321
832,11,Beenay,1337
833,11,Athor,1369
834,11,Beenay,1388
835,11,Theremon,1400
836,11,Theremon,1407
837,11,Beenay,1439
838,11,Sheerin,1446
839,11,Beenay,1466
840,11,Sheerin,1471
841,11,Raissta,1474
842,11,Sheerin,1477
843,11,Sheerin,1500
844,11,Athor,1517
845,11,Sheerin,1543
846,11,Sheerin,1549
847,11,Sheerin,1572
848,11,Sheerin,1741
849,11,bright,1817
850,11,Onos,1826
851,11,light,1829
852,11,Patru,1831
853,11,Trey,1833
854,11,light,1837
855,11,Sitha,1839
856,11,Tano,1841
857,11,light,1845
858,11,Dovim,1847
859,11,day,1885
860,11,Sheerin,1926
861,11,Athor,1950
862,11,Beenay,1983
863,12,Siferra,3
864,12,day,6
865,12,Saro,9
866,12,Siferra,96
867,12,Siferra,153
868,12,Siferra,192
869,12,Beklimot,225
870,12,Balik,249
871,12,Siferra,395
872,12,Siferra,396
873,12,Siferra,439
874,12,Siferra,519
875,12,Siferra,545
876,12,Balik,572
877,12,Siferra,595
878,12,Siferra,655
879,12,Balik,667
880,12,Siferra,703
881,12,Balik,758
882,12,Beklimot,817
883,12,Siferra,856
884,12,Beklimot,881
885,12,Siferra,987
886,12,Balik,988
887,12,Siferra,1058
888,12,Siferra,1078
889,12,dark,1095
890,12,Siferra,1118
891,12,Siferra,1180
892,12,Jonglor,1267
893,12,Sheerin,1277
894,12,Balik,1290
895,12,Balik,1375
896,12,Siferra,1392
897,12,Jonglor,1402
898,12,day,1407
899,12,Balik,1465
900,12,Siferra,1497
901,12,Balik,1524
902,12,Balik,1606
903,12,Balik,1672
904,12,Beklimot,1691
905,12,Balik,1731
906,12,Siferra,1749
907,12,Siferra,1818
908,12,Balik,1883
909,12,Siferra,1886
910,12,Beklimot,1903
911,12,dark,1940
912,12,fire,1948
913,12,fire,1972
914,12,Balik,1997
915,12,Siferra,2003
916,12,Beklimot,2154
917,12,Siferra,2183
918,12,Beklimot,2231
919,12,Beklimot,2249
920,12,Balik,2295
921,12,Siferra,2297
922,12,fire,2320
923,12,Beklimot,2332
924,12,Balik,2488
925,12,Siferra,2508
926,12,Balik,2519
927,12,Siferra,2532
928,12,Siferra,2550
929,12,Siferra,2579
930,12,Siferra,2603
931,12,Beklimot,2651
932,12,Siferra,2693
933,12,Balik,2742
934,12,Beklimot,2771
935,12,Siferra,2827
936,12,Balik,2914
937,13,Theremon,7
938,13,Beenay,23
939,13,Tano,65
940,13,Sitha,67
941,13,light,76
942,13,Dovim,84
943,13,Tano,145
944,13,Theremon,166
945,13,Beenay,168
946,13,Theremon,229
947,13,Theremon,261
948,13,Athor,312
949,13,Beenay,326
950,13,dark,339
951,13,sun,340
952,13,Theremon,375
953,13,Athor,382
954,13,dark,418
955,13,sun,419
956,13,dark,437
957,13,sun,438
958,13,sun,447
959,13,light,452
960,13,dark,455
961,13,Athor,468
962,13,day,487
963,13,Sheerin,518
964,13,Beenay,519
965,13,Sheerin,531
966,13,Sheerin,532
967,13,Sheerin,544
968,13,Theremon,565
969,13,Tano,570
970,13,Theremon,583
971,13,Sheerin,599
972,13,Raissta,614
973,13,Theremon,620
974,13,Jonglor,626
975,13,Sheerin,629
976,13,Tano,651
977,13,Sheerin,657
978,13,Sheerin,690
979,13,Theremon,693
980,13,Beenay,695
981,13,Jonglor,713
982,13,Theremon,784
983,13,Sheerin,811
984,13,Sheerin,926
985,13,Sheerin,958
986,13,Beenay,977
987,13,Beenay,1013
988,13,Theremon,1015
989,13,Sheerin,1043
990,13,Beenay,1060
991,13,Beenay,1097
992,13,Athor,1110
993,13,Theremon,1157
994,13,Sheerin,1163
995,13,Beenay,1178
996,13,Sheerin,1194
997,13,Tano,1204
998,13,Sheerin,1221
999,13,Beenay,1235
1000,13,Sheerin,1265
1001,13,Theremon,1276
1002,13,Beenay,1279
1003,13,Sheerin,1281
1004,13,Mondior,1312
1005,13,Folimun,1318
1006,13,bright,1327
1007,13,sun,1354
1008,13,suns,1354
1009,13,Sheerin,1385
1010,13,Beenay,1417
1011,13,Theremon,1430
1012,13,Folimun,1434
1013,13,fire,1447
1014,13,Mondior,1481
1015,13,Sheerin,1489
1016,13,Beenay,1510
1017,13,Sheerin,1526
1018,14,Athor,1
1019,14,day,36
1020,14,Athor,73
1021,14,Athor,167
1022,14,Athor,226
1023,14,day,276
1024,14,Yimot,429
1025,14,Yimot,460
1026,14,Athor,476
1027,14,Athor,481
1028,14,Yimot,494
1029,14,Yimot,508
1030,14,Athor,529
1031,14,Yimot,540
1032,14,Yimot,569
1033,14,Athor,579
1034,14,Onos,598
1035,14,Yimot,613
1036,14,Yimot,621
1037,14,Yimot,649
1038,14,Athor,663
1039,14,Yimot,678
1040,14,Athor,686
1041,14,Yimot,721
1042,14,Yimot,756
1043,14,Beenay,803
1044,14,day,835
1045,14,Athor,836
1046,14,Athor,978
1047,14,Yimot,1000
1048,14,Yimot,1163
1049,14,Athor,1169
1050,14,Athor,1250
1051,14,flame,1285
1052,14,Athor,1387
1053,14,Athor,1463
1054,14,Yimot,1519
1055,14,Faro,1522
1056,14,Beenay,1523
1057,14,Faro,1529
1058,14,Yimot,1538
1059,14,Beenay,1550
1060,14,Athor,1566
1061,14,Beenay,1666
1062,14,Athor,1676
1063,14,sun,1684
1064,14,Onos,1793
1065,14,Beenay,1830
1066,14,Athor,1836
1067,14,sun,1854
1068,14,suns,1854
1069,14,Athor,1941
1070,14,Athor,1979
1071,14,Beenay,2002
1072,14,Athor,2020
1073,14,light,2033
1074,14,light,2052
1075,14,sun,2073
1076,14,suns,2073
1077,14,light,2077
1078,14,sun,2094
1079,14,suns,2094
1080,14,Faro,2109
1081,14,Athor,2127
1082,14,Athor,2264
1083,14,Beenay,2322
1084,14,Athor,2437
1085,14,Beenay,2442
1086,14,Yimot,2513
1087,14,Beenay,2575
1088,14,Faro,2600
1089,14,dark,2695
1090,14,suns,2706
1091,14,light,2712
1092,14,Beenay,2727
1093,14,sun,2762
1094,14,suns,2762
1095,14,Faro,2786
1096,14,Athor,2805
1097,14,Faro,2809
1098,14,Athor,2938
1099,15,Beenay,1
1100,15,fire,13
1101,15,Siferra,19
1102,15,Balik,28
1103,15,sun,200
1104,15,suns,200
1105,15,Siferra,230
1106,15,Beenay,235
1107,15,Siferra,328
1108,15,Beenay,346
1109,15,Siferra,410
1110,15,Beenay,434
1111,15,Raissta,505
1112,15,Siferra,513
1113,15,Siferra,526
1114,15,Beenay,537
1115,15,Raissta,539
1116,15,Siferra,544
1117,15,Beenay,575
1118,15,Beenay,580
1119,15,Siferra,605
1120,15,Beklimot,639
1121,15,Beklimot,721
1122,15,Beklimot,730
1123,15,Beklimot,772
1124,15,fire,790
1125,15,Beenay,792
1126,15,fire,795
1127,15,fire,845
1128,15,fire,901
1129,15,Beklimot,941
1130,15,Beklimot,950
1131,15,Beklimot,964
1132,15,Beklimot,989
1133,15,Beklimot,994
1134,15,Beenay,997
1135,15,fire,1003
1136,15,Beklimot,1022
1137,15,Beklimot,1026
1138,15,fire,1059
1139,15,Beklimot,1136
1140,15,Siferra,1186
1141,15,Balik,1228
1142,15,fire,1244
1143,15,Siferra,1270
1144,15,fire,1297
1145,15,Balik,1329
1146,15,fire,1369
1147,15,fire,1377
1148,15,Beenay,1390
1149,15,Siferra,1407
1150,15,Beklimot,1515
1151,15,Siferra,1566
1152,15,Beenay,1593
1153,15,Beenay,1599
1154,15,Beenay,1637
1155,15,Mondior,1650
1156,15,Siferra,1678
1157,15,fire,1748
1158,15,Beenay,1760
1159,15,Siferra,1769
1160,15,Mondior,1778
1161,15,Beenay,1860
1162,15,Mondior,1900
1163,15,Theremon,1918
1164,15,Beenay,2045
1165,15,Siferra,2046
1166,15,Mondior,2084
1167,15,fire,2117
1168,15,fire,2123
1169,15,Mondior,2160
1170,15,fire,2183
1171,15,Beenay,2192
1172,15,Theremon,2195
1173,15,day,2203
1174,15,Mondior,2230
1175,15,black,2235
1176,15,fire,2237
1177,15,Theremon,2254
1178,15,Theremon,2282
1179,15,Siferra,2285
1180,15,Beenay,2291
1181,15,Theremon,2318
1182,15,Beenay,2368
1183,15,Theremon,2383
1184,15,Theremon,2417
1185,15,day,2441
1186,15,Beenay,2448
1187,15,Beenay,2478
1188,15,Beenay,2507
1189,15,Beklimot,2553
1190,15,Theremon,2561
1191,15,Beenay,2579
1192,15,Siferra,2587
1193,15,Theremon,2600
1194,15,Theremon,2626
1195,15,sun,2646
1196,15,suns,2646
1197,15,flame,2654
1198,15,black,2659
1199,15,black,2672
1200,15,sun,2675
1201,15,suns,2675
1202,15,Beenay,2680
1203,15,Siferra,2687
1204,15,Theremon,2722
1205,15,Siferra,2735
1206,15,Beenay,2835
1207,16,Faro,14
1208,16,Beenay,18
1209,16,Athor,20
1210,16,Beenay,28
1211,16,Faro,67
1212,16,Faro,71
1213,16,Beenay,81
1214,16,Beenay,116
1215,16,day,128
1216,16,Beenay,129
1217,16,suns,150
1218,16,day,191
1219,16,Beenay,217
1220,16,Athor,274
1221,16,Beenay,297
1222,16,sun,342
1223,16,suns,342
1224,16,sun,423
1225,16,suns,423
1226,16,Faro,444
1227,16,Beenay,511
1228,16,Athor,529
1229,16,Athor,546
1230,16,Beenay,557
1231,16,bright,592
1232,16,sun,624
1233,16,suns,624
1234,16,Onos,645
1235,16,Tano,650
1236,16,Sitha,652
1237,16,Onos,653
1238,16,Trey,655
1239,16,Patru,657
1240,16,Onos,658
1241,16,Dovim,660
1242,16,Trey,662
1243,16,Patru,664
1244,16,Dovim,665
1245,16,Trey,667
1246,16,Patru,669
1247,16,Dovim,670
1248,16,Tano,672
1249,16,Sitha,674
1250,16,Patru,675
1251,16,Trey,677
1252,16,Tano,688
1253,16,Sitha,690
1254,16,sun,712
1255,16,suns,712
1256,16,Tano,716
1257,16,Sitha,718
1258,16,Onos,730
1259,16,Dovim,732
1260,16,Trey,764
1261,16,Patru,766
1262,16,Tano,768
1263,16,sun,778
1264,16,suns,778
1265,16,Onos,819
1266,16,day,839
1267,16,Trey,850
1268,16,Patru,852
1269,16,Tano,853
1270,16,sun,871
1271,16,sun,901
1272,16,suns,901
1273,16,sun,916
1274,16,suns,916
1275,16,Beenay,932
1276,16,sun,990
1277,16,suns,990
1278,16,Beenay,1011
1279,16,Theremon,1020
1280,16,sun,1032
1281,16,suns,1032
1282,16,flame,1040
1283,16,black,1045
1284,16,sun,1059
1285,16,suns,1059
1286,16,Beenay,1092
1287,16,sun,1100
1288,16,suns,1100
1289,16,Dovim,1136
1290,16,sun,1143
1291,16,day,1161
1292,16,Tano,1163
1293,16,Sitha,1164
1294,16,Trey,1165
1295,16,Patru,1166
1296,16,Onos,1168
1297,16,Dovim,1180
1298,16,Beenay,1188
1299,16,Dovim,1203
1300,16,light,1210
1301,16,Dovim,1233
1302,16,light,1240
1303,16,day,1250
1304,16,sun,1279
1305,16,Beenay,1302
1306,16,Dovim,1322
1307,16,light,1343
1308,16,Beenay,1356
1309,16,Faro,1375
1310,16,dark,1436
1311,16,Beenay,1450
1312,16,Beenay,1466
1313,16,Beenay,1477
1314,16,Athor,1480
1315,16,Athor,1499
1316,16,Athor,1520
1317,16,sun,1581
1318,16,Faro,1606
1319,16,Athor,1644
1320,16,light,1665
1321,16,sun,1670
1322,16,suns,1670
1323,16,Athor,1697
1324,16,Faro,1727
1325,16,sun,1789
1326,16,Faro,1793
1327,16,Beenay,1805
1328,16,Beenay,1812
1329,16,Faro,1823
1330,16,Faro,1853
1331,16,Beenay,1870
1332,16,sun,1928
1333,16,suns,1928
1334,16,day,1953
1335,16,Dovim,1967
1336,16,day,1969
1337,16,Dovim,1977
1338,16,Beenay,1999
1339,16,Dovim,2076
1340,16,day,2078
1341,16,Beenay,2092
1342,16,Dovim,2128
1343,16,Dovim,2130
1344,16,sun,2134
1345,16,Dovim,2146
1346,16,Dovim,2181
1347,16,Dovim,2187
1348,16,light,2188
1349,16,day,2194
1350,16,Beenay,2224
1351,16,Faro,2235
1352,16,Beenay,2247
1353,16,Dovim,2266
1354,16,Beenay,2278
1355,16,sun,2337
1356,16,suns,2337
1357,16,flame,2345
1358,16,black,2350
1359,16,Siferra,2359
1360,16,flame,2374
1361,16,black,2418
1362,16,Beenay,2420
1363,16,day,2432
1364,16,day,2443
1365,16,Faro,2444
1366,16,Beenay,2453
1367,16,day,2457
1368,16,Mondior,2459
1369,16,black,2469
1370,16,fire,2472
1371,17,Athor,8
1372,17,Beenay,70
1373,17,Sheerin,74
1374,17,Siferra,80
1375,17,Athor,90
1376,17,Athor,183
1377,17,Sheerin,203
1378,17,Athor,284
1379,17,Beenay,292
1380,17,Sheerin,341
1381,17,Beenay,402
1382,17,Athor,412
1383,17,Sheerin,417
1384,17,suns,434
1385,17,sun,443
1386,17,sun,462
1387,17,Dovim,464
1388,17,Sheerin,476
1389,17,Dovim,480
1390,17,sun,484
1391,17,Dovim,511
1392,17,light,514
1393,17,Athor,526
1394,17,Athor,551
1395,17,Sheerin,553
1396,17,dark,594
1397,17,Athor,613
1398,17,Sheerin,638
1399,17,Athor,654
1400,17,light,723
1401,17,Beenay,736
1402,17,Sheerin,747
1403,17,sun,765
1404,17,light,777
1405,17,day,781
1406,17,dark,786
1407,17,Beenay,791
1408,17,Sheerin,801
1409,17,day,881
1410,17,Onos,886
1411,17,Tano,891
1412,17,Sitha,893
1413,17,Dovim,895
1414,17,Patru,898
1415,17,Trey,900
1416,17,Beenay,940
1417,17,Beenay,967
1418,17,light,1006
1419,17,light,1069
1420,17,black,1071
1421,17,Sheerin,1074
1422,17,Beenay,1091
1423,17,Athor,1128
1424,17,Sheerin,1129
1425,17,Sheerin,1148
1426,17,Beenay,1151
1427,17,Beenay,1164
1428,17,Athor,1194
1429,17,Beenay,1216
1430,17,light,1249
1431,17,Dovim,1251
1432,17,Beenay,1267
1433,17,Sheerin,1291
1434,17,Sheerin,1298
1435,17,Sheerin,1326
1436,17,Beenay,1367
1437,17,Siferra,1437
1438,17,Sheerin,1480
1439,17,Beenay,1488
1440,17,dark,1500
1441,17,Beenay,1504
1442,17,light,1530
1443,17,Dovim,1532
1444,17,Beenay,1542
1445,17,Sheerin,1554
1446,17,dark,1579
1447,17,Beenay,1586
1448,17,dark,1590
1449,17,Jonglor,1605
1450,17,Beenay,1615
1451,17,dark,1730
1452,17,light,1743
1453,17,light,1752
1454,17,light,1834
1455,17,dark,1910
1456,17,Beenay,1916
1457,17,Sheerin,1944
1458,17,light,1951
1459,17,Beenay,1992
1460,17,Sheerin,2000
1461,17,Beenay,2028
1462,17,Beenay,2141
1463,17,Athor,2163
1464,17,Sheerin,2172
1465,17,Athor,2196
1466,17,Beenay,2216
1467,17,Siferra,2252
1468,17,Beenay,2299
1469,17,Beenay,2361
1470,17,Dovim,2383
1471,17,Beklimot,2409
1472,17,Beenay,2415
1473,17,Athor,2431
1474,17,Siferra,2435
1475,17,Beklimot,2500
1476,17,fire,2555
1477,17,dark,2562
1478,17,fire,2605
1479,17,Beklimot,2633
1480,17,Saro,2673
1481,17,fire,2708
1482,17,fire,2755
1483,17,Sheerin,2791
1484,17,fire,2806
1485,17,Beenay,2849
1486,17,Dovim,2860
1487,17,Siferra,2864
1488,17,Sheerin,2904
1489,17,Beenay,2927
1490,17,Sheerin,2930
1491,17,fire,2974
1492,17,Beenay,2980
1493,17,Siferra,2994
1494,17,fire,3003
1495,17,Beenay,3065
1496,17,Sheerin,3087
1497,17,fire,3089
1498,17,fire,3109
1499,17,Athor,3173
1500,17,fire,3182
1501,17,Beenay,3186
1502,17,Athor,3201
1503,17,Beenay,3202
1504,17,Beenay,3239
1505,17,Sheerin,3279
1506,17,Siferra,3294
1507,17,fire,3315
1508,17,Beenay,3330
1509,17,Athor,3338
1510,17,Beenay,3345
1511,17,Sheerin,3366
1512,17,Siferra,3368
1513,17,Athor,3376
1514,17,flame,3452
1515,17,Beenay,3487
1516,17,day,3493
1517,17,Dovim,3496
1518,17,light,3523
1519,17,day,3525
1520,17,fire,3530
1521,17,Beenay,3554
1522,17,Athor,3577
1523,17,Beenay,3626
1524,17,Athor,3647
1525,17,Siferra,3810
1526,17,Beenay,3837
1527,17,Beenay,3839
1528,17,Sheerin,3842
1529,17,Athor,3914
1530,17,Beenay,3916
1531,17,Siferra,3927
1532,17,Beenay,3945
1533,17,Siferra,3967
1534,17,Athor,3976
1535,17,Beenay,4008
1536,17,Sheerin,4015
1537,17,Athor,4041
1538,17,Athor,4089
1539,17,Beenay,4141
1540,17,Sheerin,4145
1541,17,Athor,4178
1542,17,Theremon,4186
1543,17,Theremon,4213
1544,17,Athor,4294
1545,17,Athor,4300
1546,17,Beenay,4356
1547,17,Siferra,4366
1548,17,Athor,4398
1549,17,Beenay,4545
1550,17,Athor,4553
1551,17,Onos,4598
1552,17,Dovim,4606
1553,17,light,4629
1554,17,Patru,4631
1555,17,Trey,4633
1556,18,Beenay,5
1557,18,Athor,30
1558,18,Theremon,34
1559,18,Theremon,101
1560,18,Theremon,134
1561,18,Beenay,140
1562,18,black,172
1563,18,Beenay,229
1564,18,day,255
1565,18,day,257
1566,18,day,276
1567,18,Theremon,302
1568,18,Athor,316
1569,18,Athor,323
1570,18,Siferra,343
1571,18,Theremon,360
1572,18,day,369
1573,18,Sanctuary,376
1574,18,Beenay,406
1575,18,Sheerin,426
1576,18,Sheerin,433
1577,18,Raissta,457
1578,18,Sanctuary,460
1579,18,Athor,463
1580,18,Theremon,486
1581,18,Folimun,501
1582,18,Sanctuary,520
1583,18,Theremon,589
1584,18,Beenay,591
1585,18,Beenay,614
1586,18,Beenay,663
1587,18,Beenay,725
1588,18,Theremon,749
1589,18,Beenay,754
1590,18,Beenay,768
1591,18,Athor,797
1592,18,Siferra,799
1593,18,Folimun,801
1594,18,Mondior,804
1595,18,Beenay,808
1596,18,Theremon,818
1597,18,Mondior,831
1598,18,Beenay,838
1599,18,Athor,845
1600,19,Theremon,1
1601,19,Beenay,47
1602,19,Athor,54
1603,19,Sheerin,60
1604,19,Siferra,68
1605,19,Dovim,195
1606,19,Dovim,204
1607,19,light,205
1608,19,Theremon,228
1609,19,Beenay,320
1610,19,sun,362
1611,19,suns,362
1612,19,Theremon,395
1613,19,Beenay,430
1614,19,Folimun,438
1615,19,Beenay,456
1616,19,Sheerin,458
1617,19,Theremon,481
1618,19,Athor,501
1619,19,Folimun,506
1620,19,Beenay,507
1621,19,Theremon,540
1622,19,Theremon,578
1623,19,Folimun,584
1624,19,Theremon,591
1625,19,Athor,598
1626,19,Folimun,599
1627,19,Beenay,606
1628,19,Theremon,623
1629,19,Folimun,626
1630,19,Saro,651
1631,19,Theremon,660
1632,19,Folimun,706
1633,19,Folimun,763
1634,19,Athor,765
1635,19,Theremon,767
1636,19,Athor,778
1637,19,Folimun,780
1638,19,Theremon,802
1639,19,Beenay,805
1640,19,Theremon,806
1641,19,Beenay,844
1642,19,Athor,846
1643,19,Beenay,903
1644,19,Athor,957
1645,19,Theremon,959
1646,19,Beenay,994
1647,19,Athor,1001
1648,19,Beenay,1038
1649,19,Theremon,1046
1650,19,Athor,1154
1651,19,Beenay,1199
1652,19,Theremon,1205
1653,19,Athor,1208
1654,19,Folimun,1235
1655,19,Folimun,1243
1656,19,Beenay,1263
1657,19,Athor,1267
1658,19,Beenay,1302
1659,19,Athor,1313
1660,19,Folimun,1315
1661,19,Theremon,1323
1662,19,Theremon,1335
1663,19,Beenay,1341
1664,19,Beenay,1348
1665,19,Sheerin,1350
1666,19,Theremon,1399
1667,19,Athor,1413
1668,19,Athor,1485
1669,19,Athor,1529
1670,19,Saro,1570
1671,19,sun,1582
1672,19,Mondior,1635
1673,19,Mondior,1679
1674,19,Mondior,1730
1675,19,Theremon,1735
1676,19,Beenay,1743
1677,19,day,1812
1678,19,Theremon,1813
1679,19,Athor,1828
1680,19,Saro,1889
1681,19,Theremon,1911
1682,19,day,2004
1683,19,Mondior,2037
1684,19,Theremon,2050
1685,19,Athor,2114
1686,19,light,2142
1687,19,Dovim,2144
1688,19,Theremon,2145
1689,19,Mondior,2162
1690,19,Athor,2168
1691,19,Theremon,2181
1692,19,Athor,2190
1693,19,Mondior,2203
1694,19,Athor,2206
1695,19,Theremon,2235
1696,19,Theremon,2328
1697,19,Saro,2362
1698,19,Theremon,2372
1699,20,Athor,1
1700,20,Theremon,39
1701,20,Athor,51
1702,20,Athor,79
1703,20,Beenay,110
1704,20,Siferra,146
1705,20,Theremon,147
1706,20,Siferra,161
1707,20,Siferra,162
1708,20,Athor,192
1709,20,Beenay,214
1710,20,Athor,215
1711,20,Beenay,225
1712,20,Athor,268
1713,20,Theremon,269
1714,20,Saro,360
1715,20,Theremon,370
1716,20,Athor,404
1717,20,Beenay,432
1718,20,Athor,438
1719,20,Saro,480
1720,20,Onos,503
1721,20,Athor,525
1722,20,Sitha,548
1723,20,Sitha,567
1724,20,Tano,569
1725,20,Sitha,597
1726,20,Beenay,616
1727,20,Theremon,618
1728,20,Athor,625
1729,20,Beenay,628
1730,20,Athor,654
1731,20,Beenay,662
1732,20,Theremon,696
1733,20,Athor,701
1734,20,Sitha,704
1735,20,Onos,712
1736,20,sun,726
1737,20,suns,726
1738,20,Dovim,728
1739,20,sun,749
1740,20,light,773
1741,20,Onos,791
1742,20,Athor,793
1743,20,Dovim,827
1744,20,sun,832
1745,20,Onos,849
1746,20,Dovim,854
1747,20,Theremon,892
1748,20,Athor,910
1749,20,Beenay,922
1750,20,Theremon,990
1751,20,Athor,997
1752,20,Athor,1097
1753,20,Theremon,1105
1754,20,Beenay,1146
1755,20,Athor,1284
1756,20,Athor,1399
1757,20,Athor,1584
1758,20,Athor,1647
1759,20,Theremon,1671
1760,20,Athor,1790
1761,20,Beenay,1793
1762,20,Athor,1844
1763,20,Athor,1859
1764,20,Theremon,1904
1765,20,Athor,1970
1766,20,Athor,1989
1767,20,Siferra,1992
1768,20,Theremon,2021
1769,20,Athor,2025
1770,20,Athor,2065
1771,20,Siferra,2071
1772,20,Folimun,2080
1773,20,Theremon,2107
1774,20,Athor,2122
1775,21,Siferra,1
1776,21,Theremon,6
1777,21,Theremon,54
1778,21,Athor,68
1779,21,Theremon,132
1780,21,Siferra,148
1781,21,Theremon,234
1782,21,Siferra,337
1783,21,Siferra,399
1784,21,Theremon,407
1785,21,dark,421
1786,21,Theremon,434
1787,21,sun,473
1788,21,suns,473
1789,21,Theremon,492
1790,21,Onos,494
1791,21,Siferra,510
1792,21,Onos,544
1793,21,fire,572
1794,21,Theremon,610
1795,21,fire,643
1796,21,sun,660
1797,21,suns,660
1798,21,Theremon,736
1799,21,Siferra,751
1800,21,Theremon,864
1801,21,Beenay,889
1802,21,Beenay,895
1803,21,Beenay,899
1804,21,Theremon,907
1805,21,day,909
1806,21,Theremon,932
1807,21,Beenay,935
1808,21,Mondior,953
1809,21,Mondior,983
1810,21,Beenay,1002
1811,21,Siferra,1017
1812,21,fire,1023
1813,21,Theremon,1050
1814,21,Siferra,1057
1815,21,Siferra,1068
1816,21,Beenay,1070
1817,21,Theremon,1084
1818,21,Siferra,1090
1819,21,Theremon,1096
1820,21,Siferra,1110
1821,21,Beenay,1119
1822,21,Athor,1144
1823,21,Sheerin,1146
1824,21,Siferra,1171
1825,21,Beenay,1188
1826,21,Siferra,1189
1827,21,Theremon,1214
1828,21,Beenay,1220
1829,21,Siferra,1260
1830,21,Beklimot,1275
1831,21,Beenay,1316
1832,21,Siferra,1361
1833,21,light,1385
1834,21,Theremon,1417
1835,21,Beenay,1436
1836,21,Siferra,1472
1837,21,Beenay,1541
1838,21,Beenay,1549
1839,21,Theremon,1554
1840,21,Theremon,1574
1841,21,Beenay,1602
1842,21,day,1640
1843,21,Theremon,1649
1844,21,Theremon,1693
1845,21,Siferra,1802
1846,21,Theremon,1829
1847,21,day,1853
1848,21,Beklimot,1925
1849,21,Mondior,1959
1850,21,Siferra,2057
1851,21,Athor,2146
1852,21,Siferra,2164
1853,21,Beenay,2176
1854,21,Siferra,2214
1855,21,Theremon,2245
1856,21,Athor,2254
1857,21,Siferra,2290
1858,21,black,2312
1859,21,Athor,2330
1860,21,Beenay,2332
1861,21,Beenay,2354
1862,21,Mondior,2391
1863,21,Siferra,2427
1864,21,Theremon,2428
1865,21,Athor,2454
1866,21,fire,2458
1867,21,fire,2509
1868,21,Theremon,2510
1869,21,fire,2532
1870,21,fire,2533
1871,21,Theremon,2579
1872,21,day,2635
1873,21,Theremon,2643
1874,21,Siferra,2648
1875,21,Siferra,2677
1876,21,Beenay,2789
1877,21,Theremon,2872
1878,21,Beenay,2952
1879,21,Athor,2955
1880,21,Beenay,3014
1881,21,black,3061
1882,21,fire,3064
1883,22,Theremon,10
1884,22,Siferra,12
1885,22,Athor,25
1886,22,Athor,77
1887,22,Athor,145
1888,22,dark,193
1889,22,dark,196
1890,22,dark,202
1891,22,Faro,210
1892,22,Yimot,212
1893,22,Siferra,226
1894,22,Sanctuary,280
1895,22,Athor,325
1896,22,Siferra,328
1897,22,Athor,364
1898,22,Athor,412
1899,22,Siferra,464
1900,22,Athor,526
1901,22,Athor,544
1902,22,bright,560
1903,22,Dovim,561
1904,22,dark,572
1905,22,Athor,637
1906,22,Athor,724
1907,22,Sanctuary,782
1908,22,Beenay,793
1909,22,Athor,803
1910,22,Beenay,828
1911,22,Athor,889
1912,22,Folimun,900
1913,22,Folimun,911
1914,22,Athor,941
1915,22,Athor,969
1916,22,Athor,986
1917,22,Beenay,992
1918,22,Folimun,1007
1919,22,Siferra,1029
1920,22,Folimun,1064
1921,22,Beenay,1118
1922,22,Folimun,1135
1923,22,Folimun,1154
1924,22,Siferra,1243
1925,22,Folimun,1271
1926,22,Siferra,1366
1927,22,Beenay,1367
1928,22,Siferra,1391
1929,22,Athor,1416
1930,22,day,1458
1931,22,Athor,1479
1932,22,Sheerin,1508
1933,22,Beenay,1509
1934,22,Athor,1540
1935,22,Sheerin,1553
1936,22,Sheerin,1565
1937,22,Sanctuary,1575
1938,22,Dovim,1653
1939,22,Sheerin,1693
1940,22,Sheerin,1711
1941,22,Sanctuary,1726
1942,22,Sheerin,1759
1943,22,Sanctuary,1780
1944,22,sun,1788
1945,22,suns,1788
1946,22,Siferra,1828
1947,22,Sheerin,1837
1948,22,Sanctuary,1856
1949,22,Sheerin,1916
1950,22,Sheerin,1972
1951,22,Siferra,2022
1952,22,Sheerin,2058
1953,22,Theremon,2061
1954,22,Theremon,2073
1955,22,Theremon,2079
1956,22,Sheerin,2080
1957,22,Siferra,2111
1958,22,Theremon,2126
1959,22,Sheerin,2128
1960,22,Sanctuary,2132
1961,22,Sheerin,2161
1962,22,Saro,2210
1963,22,Theremon,2329
1964,22,Sheerin,2338
1965,22,flame,2359
1966,22,Athor,2398
1967,22,Theremon,2430
1968,22,Siferra,2462
1969,22,Sheerin,2554
1970,22,Theremon,2558
1971,22,Theremon,2586
1972,22,Theremon,2608
1973,22,Sheerin,2657
1974,22,Sheerin,2666
1975,22,Siferra,2682
1976,22,bright,2688
1977,22,Dovim,2691
1978,22,Dovim,2716
1979,22,Dovim,2730
1980,22,sun,2734
1981,22,dark,2754
1982,22,light,2762
1983,23,Sheerin,1
1984,23,light,33
1985,23,Dovim,35
1986,23,Theremon,53
1987,23,Athor,76
1988,23,Athor,84
1989,23,Theremon,93
1990,23,Sheerin,160
1991,23,Theremon,335
1992,23,Dovim,372
1993,23,light,396
1994,23,Tano,402
1995,23,Tano,411
1996,23,Sitha,413
1997,23,Onos,422
1998,23,Beenay,431
1999,23,Sheerin,443
2000,23,Beenay,455
2001,23,Athor,469
2002,23,Sheerin,485
2003,23,Beenay,498
2004,23,Athor,499
2005,23,Beenay,511
2006,23,Athor,536
2007,23,Theremon,564
2008,23,Sheerin,565
2009,23,Theremon,583
2010,23,Theremon,604
2011,23,Theremon,621
2012,23,Beenay,658
2013,23,Beenay,673
2014,23,Sheerin,685
2015,23,Beenay,718
2016,23,Athor,719
2017,23,Faro,736
2018,23,Yimot,738
2019,23,Athor,759
2020,23,Theremon,776
2021,23,Faro,786
2022,23,Yimot,788
2023,23,Saro,821
2024,23,Beenay,829
2025,23,Athor,866
2026,23,Sheerin,869
2027,23,Athor,919
2028,23,Theremon,951
2029,23,Theremon,955
2030,23,Beenay,957
2031,23,Beenay,968
2032,23,Athor,979
2033,23,Theremon,993
2034,23,Beenay,1039
2035,23,Athor,1053
2036,23,Sheerin,1084
2037,23,Theremon,1089
2038,23,day,1098
2039,23,Athor,1116
2040,23,Athor,1135
2041,23,Theremon,1138
2042,23,Beenay,1152
2043,23,Siferra,1160
2044,23,Beenay,1180
2045,23,Theremon,1201
2046,23,Sheerin,1251
2047,23,Beklimot,1274
2048,23,Theremon,1319
2049,23,Sheerin,1337
2050,23,Theremon,1373
2051,23,Siferra,1394
2052,23,fire,1412
2053,23,Theremon,1424
2054,23,fire,1451
2055,23,sun,1484
2056,23,suns,1484
2057,23,Beenay,1504
2058,23,fire,1540
2059,23,suns,1558
2060,23,Theremon,1598
2061,23,fire,1624
2062,23,Sheerin,1628
2063,23,Theremon,1689
2064,23,Folimun,1700
2065,23,Saro,1734
2066,23,Dovim,1758
2067,23,Theremon,1768
2068,23,sun,1788
2069,23,Beenay,1835
2070,23,light,1868
2071,23,Sheerin,1872
2072,23,Theremon,1886
2073,23,Sheerin,1900
2074,23,dark,1948
2075,23,Theremon,1959
2076,23,Sheerin,1962
2077,23,light,1966
2078,23,light,2015
2079,23,Theremon,2022
2080,23,fire,2027
2081,23,fire,2038
2082,23,light,2053
2083,23,dark,2065
2084,23,light,2068
2085,23,Theremon,2079
2086,23,light,2094
2087,23,Saro,2122
2088,23,fire,2174
2089,23,Theremon,2194
2090,23,Sheerin,2205
2091,23,Theremon,2223
2092,23,Theremon,2243
2093,23,Beenay,2272
2094,23,Yimot,2278
2095,23,Faro,2282
2096,23,Theremon,2300
2097,24,Faro,11
2098,24,Yimot,13
2099,24,Athor,30
2100,24,Faro,52
2101,24,Beenay,93
2102,24,Sheerin,96
2103,24,Sheerin,122
2104,24,Faro,124
2105,24,Yimot,126
2106,24,Theremon,184
2107,24,Faro,198
2108,24,bright,215
2109,24,sun,217
2110,24,suns,217
2111,24,Athor,250
2112,24,Faro,270
2113,24,Faro,285
2114,24,Yimot,290
2115,24,Yimot,308
2116,24,Athor,335
2117,24,Yimot,350
2118,24,Faro,379
2119,24,black,391
2120,24,light,468
2121,24,Yimot,493
2122,24,Athor,505
2123,24,Faro,516
2124,24,Yimot,523
2125,24,Sheerin,546
2126,24,Yimot,618
2127,24,dark,634
2128,24,bright,726
2129,24,light,729
2130,24,Sheerin,768
2131,24,Theremon,774
2132,24,Sheerin,792
2133,24,Sheerin,801
2134,24,Theremon,808
2135,24,Yimot,902
2136,24,Athor,908
2137,24,Athor,911
2138,24,Beenay,953
2139,24,dark,1039
2140,24,Folimun,1046
2141,24,Athor,1048
2142,24,Folimun,1057
2143,24,Athor,1097
2144,24,Athor,1111
2145,24,Athor,1135
2146,24,Athor,1146
2147,24,Theremon,1185
2148,24,Folimun,1198
2149,24,Athor,1208
2150,24,Theremon,1230
2151,24,Folimun,1241
2152,24,Theremon,1251
2153,24,Beenay,1252
2154,24,Athor,1253
2155,24,Folimun,1258
2156,24,Folimun,1262
2157,24,Mondior,1269
2158,24,Athor,1307
2159,24,Folimun,1315
2160,24,Athor,1339
2161,24,Athor,1354
2162,24,Folimun,1383
2163,24,Athor,1393
2164,24,Athor,1474
2165,24,Folimun,1484
2166,24,Folimun,1498
2167,24,sun,1563
2168,24,suns,1563
2169,24,Athor,1603
2170,24,Folimun,1625
2171,24,Athor,1646
2172,24,Athor,1738
2173,24,Athor,1831
2174,24,Beenay,1858
2175,24,Athor,1866
2176,24,Mondior,1873
2177,24,Athor,1956
2178,24,Folimun,1959
2179,24,Beenay,2067
2180,24,Folimun,2069
2181,24,Mondior,2079
2182,24,Mondior,2085
2183,24,Athor,2115
2184,24,Folimun,2121
2185,24,Folimun,2256
2186,24,night,2305
2187,24,Mondior,2349
2188,24,Mondior,2368
2189,24,Athor,2399
2190,24,Folimun,2404
2191,24,Folimun,2408
2192,24,Athor,2434
2193,24,Folimun,2450
2194,24,Sheerin,2463
2195,24,Athor,2466
2196,24,Athor,2484
2197,24,Sheerin,2489
2198,24,Sheerin,2532
2199,24,Athor,2624
2200,24,Folimun,2639
2201,24,Folimun,2795
2202,24,Sheerin,2821
2203,24,Athor,2825
2204,24,Athor,2827
2205,24,Beenay,2831
2206,24,Theremon,2835
2207,24,Dovim,2893
2208,25,Theremon,28
2209,25,darkness,36
2210,25,Dovim,70
2211,25,Theremon,72
2212,25,Theremon,75
2213,25,Theremon,78
2214,25,Dovim,241
2215,25,Theremon,261
2216,25,Beenay,272
2217,25,Athor,289
2218,25,Sheerin,296
2219,25,Theremon,299
2220,25,Theremon,353
2221,25,Athor,363
2222,25,Folimun,379
2223,25,Athor,390
2224,25,Theremon,405
2225,25,Sheerin,411
2226,25,Theremon,425
2227,25,Theremon,456
2228,25,Sheerin,470
2229,25,Beenay,501
2230,25,Siferra,504
2231,25,Athor,507
2232,25,Sheerin,547
2233,25,Theremon,559
2234,25,Sanctuary,608
2235,25,Theremon,691
2236,25,Athor,702
2237,25,Sanctuary,726
2238,25,Sheerin,766
2239,25,Theremon,770
2240,25,Theremon,777
2241,25,Sheerin,782
2242,25,Folimun,785
2243,25,Sheerin,836
2244,25,day,862
2245,25,sun,865
2246,25,Dovim,866
2247,25,highway,910
2248,25,Dovim,1017
2249,25,light,1076
2250,25,Folimun,1275
2251,25,Theremon,1323
2252,25,Theremon,1357
2253,25,Folimun,1366
2254,25,Siferra,1370
2255,25,Sheerin,1378
2256,25,Theremon,1405
2257,25,Theremon,1461
2258,25,Theremon,1514
2259,25,Sheerin,1560
2260,25,Beenay,1563
2261,25,Athor,1569
2262,25,Theremon,1591
2263,25,Sheerin,1614
2264,25,Sheerin,1645
2265,25,Sheerin,1697
2266,25,Sheerin,1716
2267,25,Dovim,1727
2268,25,Theremon,1768
2269,25,sun,1785
2270,25,black,1796
2271,25,Theremon,1806
2272,25,Beenay,1814
2273,25,sun,1837
2274,25,suns,1837
2275,25,Sheerin,1850
2276,25,Saro,1859
2277,25,Mondior,1880
2278,25,Sheerin,1980
2279,25,Theremon,2128
2280,25,Onos,2162
2281,25,Theremon,2177
2282,25,Folimun,2234
2283,25,Athor,2262
2284,25,Faro,2309
2285,25,Yimot,2311
2286,25,Sheerin,2330
2287,25,Theremon,2339
2288,25,Athor,2341
2289,25,Theremon,2350
2290,25,Folimun,2390
2291,25,Sheerin,2411
2292,25,Sanctuary,2428
2293,25,Saro,2437
2294,25,Sanctuary,2464
2295,25,Sheerin,2465
2296,25,Theremon,2503
2297,25,Sheerin,2527
2298,25,Athor,2534
2299,25,Athor,2548
2300,25,fire,2600
2301,25,Folimun,2608
2302,25,Sheerin,2619
2303,25,Sheerin,2624
2304,25,Folimun,2676
2305,25,Sheerin,2686
2306,25,Athor,2688
2307,25,Sheerin,2696
2308,25,Athor,2709
2309,25,Sheerin,2840
2310,25,Theremon,2845
2311,25,Dovim,2883
2312,25,light,2886
2313,25,Sheerin,2892
2314,25,Dovim,2941
2315,25,bright,2961
2316,25,sun,2966
2317,25,light,2978
2318,25,Theremon,2982
2319,25,Sheerin,3032
2320,25,sun,3039
2321,25,Theremon,3076
2322,25,Sheerin,3140
2323,25,Theremon,3169
2324,25,Sheerin,3191
2325,25,Theremon,3199
2326,26,light,8
2327,26,Sheerin,15
2328,26,Beenay,43
2329,26,Theremon,80
2330,26,Siferra,86
2331,26,Beenay,88
2332,26,Theremon,137
2333,26,Dovim,160
2334,26,night,169
2335,26,night,172
2336,26,Sheerin,176
2337,26,Theremon,187
2338,26,Beenay,203
2339,26,dark,227
2340,26,Sheerin,271
2341,26,Beenay,304
2342,26,Theremon,344
2343,26,Sheerin,367
2344,26,Theremon,393
2345,26,Faro,395
2346,26,Theremon,410
2347,26,Siferra,444
2348,26,Sheerin,473
2349,26,light,530
2350,26,light,534
2351,26,Theremon,546
2352,26,Beenay,606
2353,26,Sheerin,681
2354,26,Beenay,685
2355,26,sun,701
2356,26,suns,701
2357,26,Theremon,705
2358,26,sun,730
2359,26,suns,730
2360,26,sun,746
2361,26,suns,746
2362,26,light,754
2363,26,bright,756
2364,26,bright,771
2365,26,Onos,773
2366,26,Tano,776
2367,26,Sitha,778
2368,26,light,784
2369,26,Sheerin,812
2370,26,sun,829
2371,26,suns,829
2372,26,Beenay,854
2373,26,sun,857
2374,26,suns,857
2375,26,Theremon,879
2376,26,light,894
2377,26,light,907
2378,26,light,945
2379,26,Onos,965
2380,26,Tano,973
2381,26,Sitha,975
2382,26,sun,988
2383,26,sun,1030
2384,26,suns,1030
2385,26,sun,1052
2386,26,suns,1052
2387,26,Theremon,1054
2388,26,sun,1067
2389,26,suns,1067
2390,26,sun,1086
2391,26,suns,1086
2392,26,sun,1111
2393,26,suns,1111
2394,26,Beenay,1123
2395,26,sun,1139
2396,26,suns,1139
2397,26,light,1183
2398,26,Sheerin,1199
2399,26,Beenay,1222
2400,26,Theremon,1250
2401,26,sun,1348
2402,26,suns,1348
2403,26,Beenay,1352
2404,26,sun,1393
2405,26,Sheerin,1449
2406,26,Sheerin,1488
2407,26,Beenay,1502
2408,26,light,1521
2409,26,day,1534
2410,26,Sheerin,1546
2411,26,night,1559
2412,26,Sheerin,1617
2413,26,Sheerin,1653
2414,26,light,1659
2415,26,light,1672
2416,26,Sheerin,1694
2417,26,Theremon,1726
2418,26,Sheerin,1734
2419,26,Beenay,1736
2420,26,Beenay,1744
2421,26,Beenay,1796
2422,26,Beenay,1820
2423,26,Beenay,1852
2424,26,Sheerin,1854
2425,26,Theremon,1859
2426,26,Theremon,1905
2427,26,Faro,2049
2428,26,Theremon,2060
2429,26,Faro,2097
2430,26,Theremon,2109
2431,26,Beenay,2126
2432,26,Faro,2140
2433,26,Siferra,2159
2434,26,Theremon,2176
2435,26,Siferra,2178
2436,26,Beenay,2196
2437,26,Theremon,2292
2438,26,Siferra,2367
2439,26,Theremon,2369
2440,26,dark,2404
2441,26,Dovim,2480
2442,26,sun,2487
2443,26,Theremon,2537
2444,26,Athor,2575
2445,26,Siferra,2589
2446,26,Theremon,2591
2447,26,Theremon,2705
2448,26,Siferra,2717
2449,26,Yimot,2759
2450,26,Faro,2785
2451,26,dark,2792
2452,26,Dovim,2796
2453,26,Theremon,2799
2454,26,Siferra,2840
2455,26,Theremon,2844
2456,26,Sheerin,2848
2457,26,light,2870
2458,26,light,2928
2459,26,Theremon,2930
2460,26,Siferra,2932
2461,26,Theremon,2965
2462,26,Siferra,3040
2463,26,Theremon,3045
2464,26,Athor,3057
2465,26,Theremon,3078
2466,26,Athor,3080
2467,26,light,3084
2468,26,Theremon,3090
2469,26,light,3104
2470,26,Athor,3127
2471,26,Faro,3137
2472,26,Yimot,3138
2473,26,Yimot,3162
2474,26,Faro,3167
2475,26,flame,3197
2476,26,Athor,3224
2477,26,Theremon,3249
2478,26,Siferra,3263
2479,26,Theremon,3304
2480,26,fire,3328
2481,26,light,3335
2482,26,flame,3346
2483,26,day,3364
2484,26,light,3379
2485,26,Theremon,3380
2486,26,Siferra,3391
2487,26,Theremon,3429
2488,26,flame,3470
2489,26,light,3489
2490,26,Sanctuary,3503
2491,26,fire,3535
2492,26,Theremon,3560
2493,26,night,3625
2494,26,Sheerin,3633
2495,26,Beenay,3635
2496,26,Siferra,3656
2497,26,light,3677
2498,27,Beenay,31
2499,27,Theremon,56
2500,27,Sheerin,57
2501,27,Folimun,66
2502,27,Theremon,90
2503,27,Saro,109
2504,27,light,230
2505,27,Theremon,259
2506,27,Sheerin,282
2507,27,Theremon,313
2508,27,dark,389
2509,27,Theremon,433
2510,27,Siferra,543
2511,27,Theremon,600
2512,27,Siferra,666
2513,27,Beenay,669
2514,27,Dovim,681
2515,27,Saro,711
2516,27,highway,730
2517,27,highway,749
2518,27,Theremon,778
2519,27,Athor,783
2520,27,Folimun,789
2521,27,Sheerin,797
2522,27,Beenay,801
2523,27,Sheerin,814
2524,27,Siferra,853
2525,27,Athor,858
2526,27,Beenay,863
2527,27,Folimun,868
2528,27,Theremon,888
2529,27,Sheerin,892
2530,27,Theremon,898
2531,27,Sheerin,966
2532,27,Theremon,1029
2533,27,Theremon,1107
2534,27,Sheerin,1124
2535,27,Theremon,1133
2536,27,Siferra,1168
2537,27,flame,1217
2538,27,Sheerin,1227
2539,27,Theremon,1237
2540,27,black,1289
2541,27,Theremon,1290
2542,27,Sheerin,1312
2543,27,Athor,1332
2544,27,Theremon,1362
2545,27,Sheerin,1370
2546,27,Sheerin,1386
2547,27,Theremon,1469
2548,27,Folimun,1488
2549,27,Theremon,1507
2550,27,Theremon,1568
2551,27,Beenay,1617
2552,27,Theremon,1621
2553,27,Saro,1702
2554,27,Dovim,1802
2555,27,Theremon,1822
2556,27,Theremon,1861
2557,27,Yimot,1879
2558,27,Beenay,1915
2559,27,Dovim,1934
2560,27,Beenay,1971
2561,27,Sheerin,2048
2562,27,Theremon,2051
2563,27,Athor,2055
2564,27,Theremon,2090
2565,27,Siferra,2092
2566,27,dark,2109
2567,27,Sheerin,2112
2568,27,Athor,2117
2569,27,Theremon,2122
2570,27,Sheerin,2170
2571,27,Sheerin,2186
2572,27,Athor,2187
2573,27,Athor,2211
2574,27,Theremon,2215
2575,27,Theremon,2239
2576,27,Yimot,2244
2577,27,Beenay,2247
2578,27,Folimun,2268
2579,27,Beenay,2284
2580,27,Theremon,2285
2581,27,Theremon,2293
2582,27,Beenay,2296
2583,27,Theremon,2317
2584,27,Folimun,2324
2585,27,Folimun,2386
2586,27,Beenay,2407
2587,27,Theremon,2416
2588,27,Folimun,2465
2589,27,Beenay,2473
2590,27,Sheerin,2480
2591,27,Folimun,2500
2592,27,Theremon,2508
2593,27,Folimun,2536
2594,27,Folimun,2545
2595,27,Beenay,2582
2596,27,light,2615
2597,27,sun,2624
2598,27,suns,2624
2599,27,light,2670
2600,27,Theremon,2802
2601,27,Siferra,2836
2602,27,black,2916
2603,27,black,2959
2604,27,bright,2974
2605,27,black,2984
2606,27,Theremon,3010
2607,27,flame,3025
2608,27,Athor,3038
2609,27,stars,3063
2610,27,Theremon,3142
2611,27,light,3148
2612,27,Theremon,3202
2613,27,Saro,3237
2614,27,night,3257
2615,28,Theremon,6
2616,28,light,98
2617,28,fire,214
2618,28,fire,259
2619,28,bright,357
2620,28,bright,366
2621,28,Onos,369
2622,28,Onos,374
2623,28,sun,376
2624,28,sun,379
2625,28,suns,385
2626,28,Theremon,387
2627,28,Onos,398
2628,28,sun,408
2629,28,sun,411
2630,28,Onos,414
2631,28,Onos,416
2632,28,suns,438
2633,28,Dovim,450
2634,28,Trey,451
2635,28,Patru,452
2636,28,Tano,453
2637,28,Sitha,454
2638,28,Onos,456
2639,28,Onos,461
2640,28,Onos,519
2641,28,Onos,522
2642,28,sun,531
2643,28,suns,531
2644,28,Trey,583
2645,28,Trey,589
2646,28,Patru,593
2647,28,Trey,616
2648,28,Trey,620
2649,28,Trey,643
2650,28,Patru,645
2651,28,Onos,651
2652,28,sun,656
2653,28,suns,656
2654,28,Theremon,713
2655,28,Theremon,726
2656,28,Saro,730
2657,28,Saro,750
2658,28,Saro,767
2659,28,Saro,768
2660,28,Saro,769
2661,28,Saro,776
2662,28,fire,888
2663,28,flame,904
2664,28,flame,986
2665,28,Saro,1025
2666,28,Theremon,1043
2667,28,Theremon,1045
2668,28,Saro,1049
2669,28,light,1105
2670,28,Theremon,1206
2671,28,Saro,1213
2672,28,Theremon,1216
2673,28,Theremon,1232
2674,28,Saro,1240
2675,28,Saro,1248
2676,28,Siferra,1251
2677,28,Siferra,1254
2678,28,Siferra,1263
2679,28,Theremon,1308
2680,28,Theremon,1333
2681,28,Siferra,1388
2682,28,suns,1506
2683,28,Theremon,1595
2684,28,Theremon,1692
2685,28,Saro,1696
2686,28,sun,1754
2687,28,Siferra,1768
2688,28,Sheerin,1774
2689,28,Beenay,1783
2690,28,Athor,1807
2691,28,black,1840
2692,28,Folimun,1861
2693,28,Folimun,1865
2694,28,night,1879
2695,28,Theremon,1893
2696,28,Saro,1905
2697,28,light,1967
2698,28,Beenay,2006
2699,28,Athor,2038
2700,28,bright,2041
2701,28,Beenay,2078
2702,28,Athor,2085
2703,28,Theremon,2105
2704,28,Siferra,2119
2705,28,Folimun,2128
2706,28,Folimun,2158
2707,28,Theremon,2165
2708,28,night,2206
2709,28,light,2256
2710,28,light,2274
2711,28,bright,2276
2712,28,Theremon,2285
2713,28,fire,2340
2714,28,Onos,2395
2715,28,Theremon,2416
2716,28,Saro,2427
2717,28,Saro,2439
2718,28,Siferra,2470
2719,29,Sheerin,6
2720,29,light,66
2721,29,sun,95
2722,29,suns,95
2723,29,fire,156
2724,29,Sheerin,195
2725,29,Sheerin,337
2726,29,Theremon,358
2727,29,Theremon,440
2728,29,Sheerin,449
2729,29,Sheerin,473
2730,29,light,484
2731,29,Sheerin,536
2732,29,night,563
2733,29,night,671
2734,29,Sheerin,686
2735,29,fire,722
2736,29,Sheerin,776
2737,29,night,838
2738,29,Sheerin,936
2739,29,Sheerin,970
2740,29,Sheerin,981
2741,29,Yimot,1010
2742,29,Yimot,1016
2743,29,Sheerin,1029
2744,29,Sheerin,1104
2745,29,Faro,1138
2746,29,Yimot,1166
2747,29,Yimot,1218
2748,29,Sheerin,1228
2749,29,Yimot,1251
2750,29,light,1370
2751,29,Faro,1372
2752,29,sun,1401
2753,29,suns,1401
2754,29,sun,1435
2755,29,suns,1435
2756,29,sun,1438
2757,29,suns,1438
2758,29,sun,1443
2759,29,suns,1443
2760,29,light,1455
2761,29,sun,1459
2762,29,suns,1459
2763,29,Beenay,1466
2764,29,Beenay,1468
2765,29,Athor,1479
2766,29,day,1481
2767,29,Sheerin,1495
2768,29,Faro,1521
2769,29,Sheerin,1548
2770,29,Sanctuary,1590
2771,29,Sheerin,1602
2772,29,Faro,1610
2773,29,Beenay,1612
2774,29,Athor,1614
2775,29,Theremon,1616
2776,29,Sheerin,1680
2777,29,Sheerin,1683
2778,29,Yimot,1739
2779,29,Sheerin,1745
2780,29,Onos,1762
2781,29,bright,1781
2782,29,light,1782
2783,29,Yimot,1828
2784,29,Saro,1875
2785,29,Sheerin,1891
2786,29,Theremon,1935
2787,29,Sanctuary,1960
2788,29,Saro,1963
2789,29,Yimot,2012
2790,29,Sheerin,2040
2791,29,Yimot,2083
2792,30,light,19
2793,30,Siferra,21
2794,30,sun,50
2795,30,suns,50
2796,30,dark,94
2797,30,night,111
2798,30,Beenay,257
2799,30,Theremon,260
2800,30,Athor,265
2801,30,Siferra,297
2802,30,flame,518
2803,30,bright,522
2804,30,dark,528
2805,30,Siferra,591
2806,30,Siferra,619
2807,30,Siferra,623
2808,30,Siferra,625
2809,30,Siferra,651
2810,30,Siferra,658
2811,30,Siferra,689
2812,30,bright,722
2813,30,light,777
2814,30,light,810
2815,30,Siferra,910
2816,30,light,1050
2817,30,sun,1067
2818,30,Onos,1068
2819,30,Onos,1073
2820,30,bright,1079
2821,30,Onos,1094
2822,30,Siferra,1214
2823,30,light,1272
2824,30,day,1274
2825,30,flame,1448
2826,30,fire,1470
2827,30,Siferra,1609
2828,30,light,1633
2829,30,Siferra,1636
2830,30,bright,1707
2831,30,Siferra,1717
2832,30,Siferra,1759
2833,30,Balik,1801
2834,30,Balik,1815
2835,30,Balik,1830
2836,30,light,1898
2837,30,Onos,1937
2838,30,fire,1950
2839,30,Siferra,2027
2840,30,Siferra,2159
2841,30,light,2213
2842,30,Siferra,2294
2843,30,night,2306
2844,30,Balik,2336
2845,30,Siferra,2414
2846,30,Balik,2506
2847,30,Siferra,2562
2848,30,Siferra,2622
2849,30,Balik,2632
2850,30,Balik,2639
2851,30,Balik,2658
2852,30,fire,2704
2853,30,fire,2708
2854,30,Saro,2712
2855,30,Balik,2758
2856,30,Siferra,2794
2857,30,Onos,2810
2858,30,Balik,2880
2859,30,Siferra,2894
2860,30,Siferra,2964
2861,30,Siferra,3042
2862,30,Siferra,3126
2863,30,light,3236
2864,30,Onos,3238
2865,30,night,3250
2866,30,night,3286
2867,30,flame,3328
2868,30,Balik,3342
2869,30,Siferra,3372
2870,30,Balik,3411
2871,30,Beklimot,3445
2872,30,Siferra,3485
2873,30,Balik,3495
2874,30,Balik,3501
2875,30,Siferra,3517
2876,30,Siferra,3528
2877,30,night,3547
2878,30,Balik,3556
2879,30,Siferra,3629
2880,30,dark,3651
2881,31,day,7
2882,31,Beenay,11
2883,31,Sanctuary,23
2884,31,sun,37
2885,31,suns,37
2886,31,day,74
2887,31,day,88
2888,31,Onos,108
2889,31,sun,111
2890,31,suns,111
2891,31,day,129
2892,31,Beenay,138
2893,31,Athor,341
2894,31,Beenay,367
2895,31,Athor,370
2896,31,Athor,391
2897,31,Beenay,408
2898,31,Athor,418
2899,31,Athor,428
2900,31,Athor,445
2901,31,Beenay,473
2902,31,Athor,478
2903,31,Beenay,507
2904,31,Athor,522
2905,31,fire,539
2906,31,Beenay,576
2907,31,light,666
2908,31,sun,671
2909,31,suns,671
2910,31,day,779
2911,31,Beenay,833
2912,31,flame,926
2913,31,day,961
2914,31,Raissta,972
2915,31,Sanctuary,986
2916,31,Beenay,1000
2917,31,Saro,1028
2918,31,Saro,1067
2919,31,Sanctuary,1132
2920,31,Beenay,1133
2921,31,day,1156
2922,31,black,1235
2923,31,highway,1257
2924,31,Trey,1272
2925,31,Patru,1274
2926,31,black,1387
2927,31,Beenay,1437
2928,31,black,1467
2929,31,Beenay,1484
2930,31,Saro,1513
2931,31,bright,1518
2932,31,Sanctuary,1590
2933,31,day,1614
2934,31,Onos,1692
2935,31,highway,1706
2936,31,Sanctuary,1720
2937,31,Beenay,1738
2938,31,Sanctuary,1770
2939,31,Beenay,1843
2940,31,Beenay,1904
2941,31,Dovim,2002
2942,31,Onos,2003
2943,31,Sanctuary,2055
2944,31,Beenay,2084
2945,31,Sanctuary,2106
2946,31,Raissta,2109
2947,31,Beenay,2120
2948,31,Beenay,2129
2949,31,Onos,2234
2950,31,Raissta,2304
2951,31,Sanctuary,2339
2952,31,Amgando,2398
2953,31,Raissta,2399
2954,31,Amgando,2401
2955,31,day,2422
2956,31,Amgando,2445
2957,31,Beenay,2471
2958,31,Amgando,2529
2959,31,Beenay,2582
2960,31,Amgando,2588
2961,31,Beenay,2635
2962,31,Sanctuary,2654
2963,31,Raissta,2699
2964,31,Amgando,2707
2965,31,Sanctuary,2789
2966,31,Amgando,2795
2967,31,Beenay,2856
2968,31,Sanctuary,2875
2969,31,Amgando,2927
2970,31,Sanctuary,2935
2971,31,Beenay,2942
2972,31,Amgando,2955
2973,31,fire,3060
2974,31,Beenay,3072
2975,31,Athor,3093
2976,31,Beenay,3112
2977,31,Raissta,3147
2978,31,day,3164
2979,31,Beenay,3202
2980,31,Onos,3225
2981,31,Raissta,3256
2982,31,night,3259
2983,31,sun,3337
2984,31,suns,3337
2985,31,Sheerin,3347
2986,31,Raissta,3365
2987,31,Sheerin,3367
2988,31,Raissta,3419
2989,31,Raissta,3450
2990,31,Athor,3459
2991,32,Theremon,1
2992,32,Saro,97
2993,32,Saro,228
2994,32,Theremon,257
2995,32,day,265
2996,32,flame,322
2997,32,night,404
2998,32,Theremon,411
2999,32,fire,421
3000,32,Theremon,485
3001,32,Theremon,567
3002,32,Theremon,649
3003,32,Onos,712
3004,32,sun,726
3005,32,sun,760
3006,32,suns,760
3007,32,Onos,766
3008,32,light,770
3009,32,sun,774
3010,32,suns,774
3011,32,day,938
3012,32,fire,980
3013,32,day,1009
3014,32,Saro,1034
3015,32,Theremon,1047
3016,32,Theremon,1317
3017,32,day,1424
3018,32,Theremon,1433
3019,32,Theremon,1470
3020,32,Theremon,1501
3021,32,Theremon,1513
3022,32,Theremon,1537
3023,32,Theremon,1605
3024,32,Theremon,1640
3025,32,Theremon,1670
3026,32,Theremon,1744
3027,32,Theremon,1757
3028,32,Theremon,1841
3029,32,Theremon,1856
3030,32,fire,2010
3031,32,Theremon,2067
3032,32,Theremon,2357
3033,32,Theremon,2376
3034,32,Theremon,2388
3035,32,Theremon,2444
3036,32,Theremon,2496
3037,32,Theremon,2577
3038,32,Theremon,2597
3039,32,Tano,2653
3040,32,Sitha,2655
3041,32,Dovim,2657
3042,32,light,2664
3043,32,Theremon,2665
3044,32,day,2721
3045,32,Theremon,2784
3046,32,Theremon,2834
3047,32,Theremon,2877
3048,32,Theremon,2916
3049,32,dark,2998
3050,32,fire,3055
3051,32,Theremon,3069
3052,32,day,3162
3053,32,Beenay,3375
3054,32,Sheerin,3377
3055,32,Athor,3379
3056,32,Theremon,3389
3057,32,Theremon,3534
3058,32,Siferra,3615
3059,32,Athor,3649
3060,32,Athor,3685
3061,32,Siferra,3812
3062,32,Siferra,3923
3063,32,Theremon,3934
3064,32,day,3982
3065,32,Siferra,4000
3066,32,Theremon,4089
3067,32,Theremon,4234
3068,32,Saro,4238
3069,32,Theremon,4343
3070,32,Theremon,4348
3071,33,Theremon,1
3072,33,Sheerin,37
3073,33,Sheerin,93
3074,33,Sheerin,119
3075,33,Theremon,124
3076,33,Theremon,181
3077,33,Sanctuary,211
3078,33,Amgando,224
3079,33,Theremon,258
3080,33,Sheerin,307
3081,33,Theremon,345
3082,33,Theremon,386
3083,33,Sheerin,450
3084,33,Theremon,480
3085,33,day,562
3086,33,Theremon,577
3087,33,Folimun,580
3088,33,fire,588
3089,33,fire,592
3090,33,Athor,602
3091,33,Beenay,603
3092,33,Sheerin,657
3093,33,day,667
3094,33,Theremon,711
3095,33,Yimot,766
3096,33,day,772
3097,33,Sanctuary,778
3098,33,fire,796
3099,33,Sanctuary,842
3100,33,Yimot,848
3101,33,Theremon,865
3102,33,fire,873
3103,33,Sanctuary,893
3104,33,Sanctuary,920
3105,33,Beenay,929
3106,33,Beenay,935
3107,33,Sanctuary,942
3108,33,Sheerin,948
3109,33,day,950
3110,33,Sanctuary,970
3111,33,Amgando,974
3112,33,Sanctuary,998
3113,33,Raissta,1007
3114,33,Amgando,1019
3115,33,Sanctuary,1032
3116,33,Amgando,1042
3117,33,Theremon,1049
3118,33,Sanctuary,1057
3119,33,Amgando,1149
3120,33,Amgando,1163
3121,33,Siferra,1173
3122,33,Theremon,1174
3123,33,Amgando,1188
3124,33,Beenay,1195
3125,33,Theremon,1225
3126,33,Theremon,1272
3127,33,Amgando,1293
3128,33,Sheerin,1298
3129,33,Theremon,1307
3130,33,day,1350
3131,33,Theremon,1361
3132,33,Amgando,1377
3133,33,Siferra,1385
3134,33,Theremon,1388
3135,33,Sheerin,1407
3136,33,Yimot,1416
3137,33,Theremon,1473
3138,33,Sheerin,1477
3139,33,Sheerin,1514
3140,34,flame,69
3141,34,fire,84
3142,34,day,89
3143,34,day,112
3144,34,day,114
3145,34,Siferra,182
3146,34,Sheerin,224
3147,34,Siferra,258
3148,34,fire,264
3149,34,day,424
3150,34,Siferra,425
3151,34,Sanctuary,552
3152,34,Sanctuary,597
3153,34,day,622
3154,34,Onos,659
3155,34,dark,674
3156,34,Sanctuary,679
3157,34,Saro,694
3158,34,highway,698
3159,34,day,711
3160,34,highway,809
3161,34,Onos,868
3162,34,light,879
3163,34,Tano,881
3164,34,Sitha,883
3165,34,day,893
3166,34,Dovim,908
3167,34,Siferra,920
3168,34,dark,968
3169,34,Siferra,990
3170,34,Siferra,1035
3171,34,Sanctuary,1041
3172,34,day,1045
3173,34,dark,1235
3174,34,Sanctuary,1265
3175,34,Sanctuary,1297
3176,34,Siferra,1305
3177,34,Sanctuary,1318
3178,34,dark,1328
3179,34,bright,1359
3180,34,Sanctuary,1456
3181,34,Siferra,1508
3182,34,Siferra,1564
3183,34,Saro,1569
3184,34,Siferra,1595
3185,34,Sanctuary,1603
3186,34,day,1631
3187,34,Siferra,1691
3188,34,Siferra,1746
3189,34,Siferra,1786
3190,34,Saro,1896
3191,34,fire,1913
3192,34,fire,1922
3193,34,fire,1952
3194,34,Siferra,2010
3195,34,Siferra,2108
3196,34,Siferra,2251
3197,34,day,2683
3198,34,light,2711
3199,34,fire,2718
3200,34,fire,2752
3201,35,Sheerin,20
3202,35,sun,26
3203,35,suns,26
3204,35,Onos,31
3205,35,light,37
3206,35,sun,70
3207,35,suns,70
3208,35,Sitha,75
3209,35,Tano,77
3210,35,Patru,79
3211,35,Trey,81
3212,35,Saro,116
3213,35,Amgando,119
3214,35,Theremon,127
3215,35,Siferra,151
3216,35,Sheerin,161
3217,35,Beenay,237
3218,35,Athor,239
3219,35,Sheerin,246
3220,35,Beenay,289
3221,35,Athor,291
3222,35,Sheerin,405
3223,35,day,521
3224,35,Sheerin,524
3225,35,Theremon,528
3226,35,Amgando,542
3227,35,day,597
3228,35,highway,635
3229,35,Sheerin,641
3230,35,Onos,683
3231,35,day,701
3232,35,Sheerin,714
3233,35,highway,809
3234,35,Amgando,818
3235,35,Saro,824
3236,35,day,860
3237,35,Amgando,883
3238,35,Sheerin,956
3239,35,light,976
3240,35,Sheerin,999
3241,35,dark,1031
3242,35,day,1210
3243,35,Sheerin,1253
3244,35,fire,1324
3245,35,flame,1332
3246,35,Sheerin,1347
3247,35,Sheerin,1480
3248,35,Sheerin,1718
3249,35,Sheerin,1749
3250,35,Sheerin,1773
3251,35,Saro,1779
3252,35,fire,1856
3253,35,Sheerin,1896
3254,35,Sheerin,2045
3255,35,Sheerin,2096
3256,35,Sheerin,2263
3257,35,Sheerin,2350
3258,35,Sheerin,2365
3259,35,Sheerin,2513
3260,35,Folimun,2520
3261,35,night,2523
3262,35,Sheerin,2634
3263,35,sanctuary,2643
3264,35,Sheerin,2669
3265,35,Sheerin,2767
3266,35,Sheerin,2833
3267,35,Sheerin,2925
3268,35,Sheerin,3028
3269,35,night,3074
3270,35,dark,3231
3271,35,Sheerin,3250
3272,36,sun,4
3273,36,suns,4
3274,36,Onos,8
3275,36,Dovim,9
3276,36,Patru,10
3277,36,Trey,11
3278,36,day,13
3279,36,Theremon,20
3280,36,Theremon,116
3281,36,Theremon,167
3282,36,fire,295
3283,36,fire,315
3284,36,day,340
3285,36,fire,350
3286,36,Theremon,367
3287,36,Onos,495
3288,36,Theremon,533
3289,36,Theremon,660
3290,36,Theremon,798
3291,36,day,915
3292,36,fire,990
3293,36,Theremon,1035
3294,36,fire,1056
3295,36,Dovim,1105
3296,36,Trey,1112
3297,36,Patru,1114
3298,36,Theremon,1153
3299,36,Theremon,1273
3300,36,fire,1291
3301,36,Saro,1494
3302,36,day,1505
3303,36,day,1507
3304,36,fire,1517
3305,36,Theremon,1590
3306,36,Theremon,1731
3307,36,Theremon,1759
3308,36,fire,1781
3309,36,fire,1803
3310,36,Theremon,1812
3311,36,fire,1821
3312,36,Theremon,1851
3313,36,Theremon,1883
3314,36,Beenay,1892
3315,36,Theremon,1905
3316,36,Theremon,1920
3317,36,Theremon,1941
3318,36,fire,1946
3319,36,fire,1957
3320,36,fire,1976
3321,36,fire,1992
3322,36,Theremon,2019
3323,36,fire,2038
3324,36,Theremon,2099
3325,36,Theremon,2384
3326,36,Theremon,2491
3327,36,Theremon,2646
3328,36,Theremon,2708
3329,36,Theremon,2727
3330,36,fire,2767
3331,36,Theremon,2791
3332,36,fire,2809
3333,36,Theremon,2846
3334,36,Siferra,2869
3335,37,Siferra,51
3336,37,Jonglor,57
3337,37,Siferra,86
3338,37,Sanctuary,204
3339,37,fire,244
3340,37,Theremon,260
3341,37,Siferra,266
3342,37,Sanctuary,276
3343,37,Sheerin,294
3344,37,Amgando,314
3345,37,Sheerin,317
3346,37,Amgando,328
3347,37,Siferra,361
3348,37,Sheerin,364
3349,37,Sanctuary,375
3350,37,day,377
3351,37,Amgando,386
3352,37,Sanctuary,398
3353,37,Theremon,459
3354,37,Sanctuary,491
3355,37,Siferra,509
3356,37,Theremon,574
3357,37,Mondior,730
3358,37,Theremon,763
3359,37,fire,801
3360,37,fire,804
3361,37,Theremon,844
3362,37,Siferra,846
3363,37,fire,870
3364,37,fire,904
3365,37,Theremon,913
3366,37,Athor,966
3367,37,Beenay,967
3368,37,Amgando,1013
3369,37,Theremon,1025
3370,37,Siferra,1038
3371,37,Athor,1040
3372,37,Folimun,1042
3373,37,Theremon,1050
3374,37,Theremon,1073
3375,37,day,1090
3376,37,day,1093
3377,37,Athor,1155
3378,37,Theremon,1200
3379,37,Sanctuary,1273
3380,37,Theremon,1296
3381,37,Theremon,1467
3382,37,Theremon,1520
3383,37,Theremon,1556
3384,37,Siferra,1626
3385,37,Siferra,1662
3386,37,Siferra,1693
3387,37,Theremon,1726
3388,37,day,1755
3389,37,light,1808
3390,37,Patru,1814
3391,37,Trey,1816
3392,37,sun,1820
3393,37,suns,1820
3394,37,Theremon,1827
3395,37,light,1836
3396,37,Sanctuary,1904
3397,37,Siferra,1913
3398,37,Theremon,1922
3399,37,Saro,2028
3400,37,Siferra,2049
3401,37,Theremon,2061
3402,37,Theremon,2097
3403,37,Theremon,2140
3404,37,Saro,2206
3405,37,Theremon,2301
3406,37,Siferra,2302
3407,37,Siferra,2350
3408,37,day,2385
3409,37,Siferra,2461
3410,37,Theremon,2490
3411,37,Theremon,2541
3412,37,Saro,2544
3413,37,Siferra,2581
3414,37,Theremon,2584
3415,37,Siferra,2615
3416,37,Sanctuary,2620
3417,37,day,2648
3418,37,Sanctuary,2673
3419,37,Theremon,2758
3420,37,Sanctuary,2802
3421,37,Siferra,2932
3422,37,Theremon,2947
3423,37,fire,2981
3424,37,Folimun,3017
3425,37,Mondior,3019
3426,37,Theremon,3038
3427,37,dark,3057
3428,37,Siferra,3060
3429,37,Siferra,3148
3430,37,Siferra,3204
3431,37,light,3268
3432,37,Theremon,3298
3433,37,Athor,3326
3434,37,Siferra,3341
3435,37,Theremon,3412
3436,37,Theremon,3480
3437,37,Siferra,3560
3438,37,Theremon,3612
3439,37,Siferra,3645
3440,37,Theremon,3650
3441,37,Siferra,3787
3442,37,Siferra,3804
3443,37,Sheerin,3813
3444,37,Amgando,3825
3445,37,Theremon,3868
3446,37,Amgando,3882
3447,37,Siferra,3884
3448,37,Amgando,3941
3449,37,Siferra,3956
3450,37,Theremon,3970
3451,37,Siferra,3991
3452,37,light,4029
3453,38,Siferra,9
3454,38,day,39
3455,38,Sanctuary,45
3456,38,light,48
3457,38,Onos,50
3458,38,Theremon,59
3459,38,Saro,77
3460,38,Siferra,106
3461,38,day,109
3462,38,Saro,146
3463,38,Amgando,164
3464,38,Theremon,184
3465,38,Onos,201
3466,38,Siferra,245
3467,38,fire,280
3468,38,Theremon,326
3469,38,day,346
3470,38,Siferra,361
3471,38,Amgando,407
3472,38,Siferra,433
3473,38,Theremon,442
3474,38,night,516
3475,38,black,534
3476,38,fire,541
3477,38,Siferra,620
3478,38,Siferra,768
3479,38,sun,797
3480,38,suns,797
3481,38,light,867
3482,38,Theremon,895
3483,38,Theremon,943
3484,38,Theremon,1101
3485,38,highway,1181
3486,38,bright,1218
3487,38,Theremon,1248
3488,38,Siferra,1272
3489,38,Theremon,1281
3490,38,highway,1321
3491,38,Theremon,1340
3492,38,Siferra,1355
3493,38,Theremon,1413
3494,38,Theremon,1519
3495,38,highway,1565
3496,38,highway,1603
3497,38,Theremon,1610
3498,38,light,1678
3499,38,Siferra,1713
3500,38,Theremon,1756
3501,38,highway,1780
3502,38,Siferra,1791
3503,38,fire,1882
3504,38,Theremon,1883
3505,38,Amgando,1919
3506,38,Siferra,1967
3507,38,Theremon,2026
3508,38,light,2047
3509,38,black,2064
3510,38,fire,2074
3511,38,Theremon,2125
3512,38,Siferra,2143
3513,38,sun,2190
3514,38,suns,2190
3515,38,Theremon,2203
3516,38,fire,2227
3517,38,Amgando,2251
3518,38,light,2358
3519,38,Theremon,2370
3520,38,Siferra,2395
3521,38,dark,2411
3522,38,flame,2417
3523,38,Theremon,2446
3524,38,Theremon,2465
3525,38,fire,2514
3526,38,Theremon,2523
3527,38,Siferra,2543
3528,38,Siferra,2575
3529,38,highway,2583
3530,38,Siferra,2662
3531,38,Theremon,2715
3532,38,Theremon,2736
3533,38,Amgando,2749
3534,39,Theremon,15
3535,39,Theremon,45
3536,39,Siferra,47
3537,39,Siferra,118
3538,39,light,147
3539,39,Theremon,191
3540,39,Siferra,355
3541,39,highway,377
3542,39,Theremon,432
3543,39,Siferra,482
3544,39,Siferra,502
3545,39,highway,520
3546,39,Amgando,545
3547,39,highway,637
3548,39,Theremon,672
3549,39,day,777
3550,39,Siferra,786
3551,39,Saro,880
3552,39,Theremon,938
3553,39,Theremon,1008
3554,39,Siferra,1026
3555,39,Theremon,1032
3556,39,Theremon,1062
3557,39,Theremon,1075
3558,39,Theremon,1106
3559,39,Siferra,1108
3560,39,highway,1191
3561,39,Theremon,1213
3562,39,Siferra,1237
3563,39,highway,1253
3564,39,highway,1306
3565,39,highway,1346
3566,39,Siferra,1459
3567,39,highway,1475
3568,39,Theremon,1521
3569,39,day,1565
3570,39,fire,1599
3571,39,Mondior,1645
3572,39,Siferra,1673
3573,39,Siferra,1710
3574,39,night,1746
3575,39,Saro,1773
3576,39,Theremon,1775
3577,39,Mondior,1802
3578,39,Onos,1809
3579,39,Folimun,1835
3580,39,Saro,1887
3581,39,Theremon,1944
3582,39,Siferra,1949
3583,39,Theremon,2087
3584,39,Onos,2108
3585,39,sun,2115
3586,39,suns,2115
3587,39,Sitha,2118
3588,39,Tano,2120
3589,39,Dovim,2122
3590,39,Theremon,2130
3591,39,day,2148
3592,39,Saro,2232
3593,39,highway,2235
3594,39,Theremon,2311
3595,39,highway,2322
3596,39,Siferra,2384
3597,39,light,2390
3598,39,Onos,2407
3599,39,Siferra,2424
3600,39,day,2480
3601,39,Siferra,2500
3602,39,Theremon,2533
3603,39,highway,2548
3604,39,Siferra,2621
3605,39,highway,2715
3606,39,Siferra,2761
3607,39,highway,2795
3608,39,Theremon,2842
3609,39,Siferra,2879
3610,39,Theremon,2982
3611,39,Siferra,3008
3612,39,Theremon,3072
3613,39,highway,3121
3614,39,Theremon,3159
3615,39,highway,3174
3616,39,Siferra,3208
3617,39,Theremon,3228
3618,39,Theremon,3271
3619,39,Siferra,3304
3620,39,Theremon,3342
3621,39,Theremon,3372
3622,39,Theremon,3421
3623,39,Theremon,3426
3624,39,Theremon,3463
3625,39,Siferra,3464
3626,39,Theremon,3570
3627,39,Saro,3651
3628,39,Theremon,3730
3629,39,Siferra,3786
3630,39,Theremon,3846
3631,39,bright,3870
3632,39,Theremon,3883
3633,40,Beenay,7
3634,40,Theremon,9
3635,40,Siferra,11
3636,40,Beenay,66
3637,40,Raissta,70
3638,40,Theremon,74
3639,40,Raissta,75
3640,40,Siferra,78
3641,40,Theremon,108
3642,40,Raissta,111
3643,40,Beenay,128
3644,40,Raissta,183
3645,40,Beenay,210
3646,40,Theremon,219
3647,40,Beenay,239
3648,40,Tano,255
3649,40,Siferra,271
3650,40,Beenay,272
3651,40,Theremon,292
3652,40,Beenay,301
3653,40,Siferra,330
3654,40,Sanctuary,345
3655,40,day,361
3656,40,highway,367
3657,40,Amgando,378
3658,40,Theremon,388
3659,40,Sheerin,393
3660,40,Sanctuary,401
3661,40,Amgando,415
3662,40,Siferra,421
3663,40,Sheerin,431
3664,40,Beenay,432
3665,40,day,447
3666,40,Amgando,452
3667,40,Saro,459
3668,40,Siferra,463
3669,40,Beenay,483
3670,40,Beenay,498
3671,40,Theremon,505
3672,40,Siferra,509
3673,40,Sheerin,519
3674,40,Saro,552
3675,40,Amgando,563
3676,40,Saro,615
3677,40,Theremon,617
3678,40,Saro,622
3679,40,Saro,638
3680,40,Siferra,695
3681,40,Beenay,720
3682,40,highway,754
3683,40,day,787
3684,40,Theremon,798
3685,40,Saro,837
3686,40,night,842
3687,40,Siferra,932
3688,40,Saro,955
3689,40,Theremon,980
3690,40,Siferra,994
3691,40,Beenay,1019
3692,40,Theremon,1111
3693,40,Amgando,1116
3694,40,Theremon,1125
3695,40,Beenay,1127
3696,40,Theremon,1163
3697,40,Beenay,1192
3698,40,Raissta,1322
3699,40,Sheerin,1333
3700,40,Amgando,1340
3701,40,Beenay,1345
3702,40,Amgando,1347
3703,40,Raissta,1360
3704,40,highway,1409
3705,40,Theremon,1430
3706,40,Theremon,1466
3707,40,Beenay,1508
3708,40,Raissta,1551
3709,40,Raissta,1587
3710,40,highway,1606
3711,40,Theremon,1624
3712,40,day,1651
3713,40,Raissta,1655
3714,40,Amgando,1711
3715,40,Theremon,1750
3716,40,Beenay,1762
3717,40,Beenay,1792
3718,40,Theremon,1807
3719,40,highway,1829
3720,40,Beenay,1860
3721,40,Theremon,1909
3722,40,Beenay,1911
3723,40,Beenay,1916
3724,40,Amgando,1937
3725,40,highway,1952
3726,40,Amgando,1958
3727,40,Theremon,1989
3728,40,Siferra,1991
3729,40,Theremon,2027
3730,40,Beenay,2036
3731,40,Amgando,2050
3732,40,Theremon,2053
3733,40,Sanctuary,2068
3734,40,Siferra,2086
3735,40,Amgando,2098
3736,40,Mondior,2104
3737,40,Amgando,2201
3738,40,Beenay,2219
3739,40,Raissta,2248
3740,40,Amgando,2254
3741,40,Theremon,2270
3742,40,Siferra,2282
3743,40,Mondior,2300
3744,40,Beenay,2310
3745,40,Beenay,2314
3746,40,Theremon,2324
3747,40,Mondior,2329
3748,40,Raissta,2353
3749,40,Amgando,2362
3750,40,Theremon,2412
3751,41,Beenay,47
3752,41,Beenay,57
3753,41,day,69
3754,41,Theremon,101
3755,41,Siferra,103
3756,41,highway,110
3757,41,Theremon,125
3758,41,Beenay,160
3759,41,Theremon,198
3760,41,Siferra,201
3761,41,Saro,212
3762,41,Theremon,242
3763,41,Siferra,244
3764,41,Siferra,274
3765,41,Amgando,285
3766,41,fire,311
3767,41,Amgando,324
3768,41,highway,336
3769,41,Theremon,353
3770,41,Amgando,358
3771,41,highway,376
3772,41,Siferra,381
3773,41,Theremon,477
3774,41,Siferra,487
3775,41,highway,519
3776,41,day,527
3777,41,Theremon,586
3778,41,highway,619
3779,41,fire,644
3780,41,highway,656
3781,41,Theremon,685
3782,41,Siferra,687
3783,41,Theremon,724
3784,41,highway,773
3785,41,Theremon,821
3786,41,Siferra,834
3787,41,Athor,839
3788,41,Mondior,859
3789,41,Sheerin,970
3790,41,Theremon,972
3791,41,Sheerin,976
3792,41,Sheerin,987
3793,41,light,991
3794,41,Theremon,997
3795,41,Siferra,1033
3796,41,highway,1085
3797,41,day,1093
3798,41,Theremon,1097
3799,41,Amgando,1118
3800,41,Amgando,1231
3801,41,Beenay,1243
3802,41,Raissta,1245
3803,41,Siferra,1246
3804,41,Beenay,1251
3805,41,Siferra,1273
3806,41,Theremon,1322
3807,41,Beenay,1323
3808,41,Raissta,1325
3809,41,Amgando,1335
3810,41,Theremon,1365
3811,41,Theremon,1366
3812,41,Siferra,1401
3813,41,Theremon,1418
3814,41,day,1435
3815,41,Saro,1443
3816,41,highway,1456
3817,41,Siferra,1489
3818,41,highway,1603
3819,41,Theremon,1662
3820,41,Siferra,1664
3821,41,Beenay,1693
3822,41,light,1735
3823,41,sun,1773
3824,41,suns,1773
3825,41,Patru,1785
3826,41,Trey,1787
3827,41,Dovim,1789
3828,41,Onos,1793
3829,41,Sitha,1795
3830,41,Tano,1797
3831,41,Onos,1799
3832,41,Dovim,1801
3833,41,Trey,1803
3834,41,Patru,1805
3835,41,sun,1808
3836,41,suns,1808
3837,41,Theremon,1820
3838,41,day,1826
3839,41,Sanctuary,1834
3840,41,day,1841
3841,41,Siferra,1859
3842,41,Amgando,1883
3843,41,light,1974
3844,41,sun,1977
3845,41,suns,1977
3846,41,bright,1979
3847,41,highway,1992
3848,41,Amgando,2010
3849,41,Siferra,2012
3850,41,highway,2058
3851,41,black,2117
3852,41,Theremon,2120
3853,41,Siferra,2122
3854,41,highway,2154
3855,41,Theremon,2160
3856,41,highway,2168
3857,41,Saro,2232
3858,41,highway,2248
3859,41,Amgando,2257
3860,41,Theremon,2267
3861,41,Amgando,2302
3862,41,Amgando,2323
3863,41,Siferra,2328
3864,41,Siferra,2481
3865,41,Amgando,2490
3866,41,Theremon,2540
3867,41,highway,2582
3868,41,Beenay,2635
3869,41,Amgando,2663
3870,41,Amgando,2685
3871,41,Mondior,2695
3872,41,Amgando,2772
3873,41,highway,2829
3874,41,Theremon,2831
3875,41,Siferra,2896
3876,41,Theremon,2940
3877,41,Siferra,2965
3878,41,highway,2999
3879,41,Siferra,3035
3880,41,Theremon,3134
3881,41,Folimun,3196
3882,41,night,3209
3883,41,Theremon,3224
3884,41,Siferra,3230
3885,41,highway,3240
3886,41,Amgando,3245
3887,41,Folimun,3300
3888,41,Theremon,3325
3889,41,Theremon,3342
3890,41,Folimun,3356
3891,41,Folimun,3386
3892,41,Amgando,3409
3893,41,Theremon,3413
3894,41,Theremon,3453
3895,41,Mondior,3484
3896,41,Folimun,3493
3897,41,Theremon,3516
3898,41,Folimun,3523
3899,41,Mondior,3526
3900,41,Folimun,3527
3901,41,Mondior,3537
3902,42,Siferra,5
3903,42,Theremon,38
3904,42,Siferra,75
3905,42,Siferra,124
3906,42,Theremon,136
3907,42,highway,142
3908,42,highway,153
3909,42,Theremon,286
3910,42,Amgando,304
3911,42,Siferra,321
3912,42,Theremon,423
3913,42,Onos,529
3914,42,Dovim,535
3915,42,sun,542
3916,42,suns,542
3917,42,Tano,553
3918,42,Sitha,555
3919,42,light,559
3920,42,day,586
3921,42,Amgando,616
3922,42,Theremon,647
3923,42,Amgando,661
3924,42,Theremon,718
3925,42,Saro,763
3926,42,Sitha,825
3927,42,Tano,827
3928,42,light,829
3929,42,Tano,888
3930,42,Sitha,890
3931,42,light,894
3932,42,Siferra,912
3933,42,Theremon,965
3934,42,Amgando,976
3935,42,Onos,980
3936,42,highway,1078
3937,42,Theremon,1095
3938,42,Balik,1193
3939,42,Amgando,1254
3940,42,Siferra,1301
3941,42,fire,1324
3942,42,darkness,1442
3943,42,Siferra,1524
3944,42,Theremon,1667
3945,42,Theremon,1774
3946,42,Theremon,1848
3947,42,Theremon,1924
3948,42,Theremon,1964
3949,42,Siferra,1968
3950,43,Folimun,1
3951,43,Siferra,15
3952,43,Theremon,83
3953,43,Theremon,113
3954,43,Siferra,120
3955,43,fire,141
3956,43,Saro,160
3957,43,Theremon,176
3958,43,Folimun,183
3959,43,Folimun,235
3960,43,Siferra,242
3961,43,Folimun,379
3962,43,Siferra,634
3963,43,Theremon,637
3964,43,Theremon,669
3965,43,Theremon,670
3966,43,Amgando,691
3967,43,Folimun,697
3968,43,Amgando,702
3969,43,Siferra,706
3970,43,Amgando,716
3971,43,Mondior,749
3972,43,Theremon,754
3973,43,Theremon,847
3974,43,Folimun,881
3975,43,Siferra,973
3976,43,Folimun,987
3977,43,Theremon,997
3978,43,Siferra,1000
3979,43,Siferra,1019
3980,43,Siferra,1055
3981,43,Siferra,1081
3982,43,Siferra,1112
3983,43,Theremon,1119
3984,43,Theremon,1123
3985,43,Siferra,1138
3986,43,Theremon,1192
3987,43,Mondior,1222
3988,43,Mondior,1224
3989,43,Siferra,1227
3990,43,Folimun,1279
3991,43,Mondior,1288
3992,43,Mondior,1369
3993,43,Folimun,1378
3994,43,Mondior,1399
3995,43,Saro,1405
3996,43,Siferra,1420
3997,43,Mondior,1426
3998,43,Folimun,1450
3999,43,Amgando,1482
4000,43,Folimun,1486
4001,43,Folimun,1491
4002,43,Amgando,1494
4003,43,Theremon,1496
4004,43,Theremon,1521
4005,43,Siferra,1527
4006,43,Theremon,1528
4007,43,Folimun,1574
4008,43,Siferra,1667
4009,43,Folimun,1698
4010,43,day,1794
4011,43,Saro,1814
4012,43,Saro,1816
4013,43,fire,1840
4014,43,Siferra,1854
4015,43,Folimun,1861
4016,43,Siferra,1892
4017,43,day,1952
4018,43,Siferra,2020
4019,43,Folimun,2024
4020,43,Theremon,2028
4021,43,Folimun,2039
4022,43,Saro,2086
4023,43,Beenay,2127
4024,43,Sheerin,2129
4025,43,Sheerin,2132
4026,43,Folimun,2135
4027,43,Siferra,2160
4028,43,Theremon,2169
4029,43,Folimun,2186
4030,43,Sheerin,2206
4031,43,night,2303
4032,43,Amgando,2345
4033,43,Mondior,2355
4034,43,Siferra,2461
4035,43,Theremon,2509
4036,43,Siferra,2512
4037,44,light,8
4038,44,Onos,10
4039,44,Tano,21
4040,44,Sitha,23
4041,44,sun,32
4042,44,suns,32
4043,44,sun,65
4044,44,Dovim,66
4045,44,sun,81
4046,44,suns,81
4047,44,Theremon,82
4048,44,Theremon,111
4049,44,Folimun,115
4050,44,Theremon,131
4051,44,Siferra,147
4052,44,Folimun,159
4053,44,Theremon,167
4054,44,Folimun,187
4055,44,Folimun,208
4056,44,Folimun,223
4057,44,highway,245
4058,44,Folimun,262
4059,44,Mondior,275
4060,44,Siferra,278
4061,44,Beenay,303
4062,44,Mondior,338
4063,44,fire,397
4064,44,Folimun,464
4065,44,Siferra,516
4066,44,Amgando,600
4067,44,Folimun,620
4068,44,Saro,633
4069,44,Siferra,650
4070,44,Folimun,732
4071,44,Siferra,796
4072,44,Theremon,814
4073,44,light,855
4074,44,Theremon,864
4075,44,Folimun,906
4076,44,Theremon,914
4077,44,Theremon,928
4078,44,Siferra,936
4079,44,Siferra,959
4080,44,Theremon,967
4081,44,Folimun,980
4082,44,Theremon,993
4083,44,Siferra,996
4084,44,Onos,1003
4085,44,light,1006
4086,44,Sitha,1008
4087,44,Tano,1010
4088,44,Dovim,1031
4089,44,suns,1034
4090,44,Siferra,1039
4091,44,Theremon,1065
4092,44,Theremon,1079
4093,44,Folimun,1084
4094,44,Theremon,1137
4095,44,Siferra,1165
4096,44,Folimun,1188
